DateTime,Estuary Name,SiteID,LoggerID,SampleDepth,Conductivity,Temp,DO
20/01/2020 12:30,Lake Conjola,CON1,CON1-Surface,0.5,35444.2,24.95,7.23
20/01/2020 12:45,Lake Conjola,CON1,CON1-Surface,0.5,34664.3,25.01,7.64
20/01/2020 13:00,Lake Conjola,CON1,CON1-Surface,0.5,34318.8,25.03,7.66
20/01/2020 13:15,Lake Conjola,CON1,CON1-Surface,0.5,34164.1,25.06,7.66
20/01/2020 13:30,Lake Conjola,CON1,CON1-Surface,0.5,34044.5,25.04,7.67
20/01/2020 13:45,Lake Conjola,CON1,CON1-Surface,0.5,33944,25.03,7.59
20/01/2020 14:00,Lake Conjola,CON1,CON1-Surface,0.5,33910.6,25.06,7.63
20/01/2020 14:15,Lake Conjola,CON1,CON1-Surface,0.5,33856.2,25.07,7.58
20/01/2020 14:30,Lake Conjola,CON1,CON1-Surface,0.5,33807.9,25.12,7.57
20/01/2020 14:45,Lake Conjola,CON1,CON1-Surface,0.5,33765.9,25.13,7.67
20/01/2020 15:00,Lake Conjola,CON1,CON1-Surface,0.5,33732.9,25.1,7.4
20/01/2020 15:15,Lake Conjola,CON1,CON1-Surface,0.5,33691,25.08,7.18
20/01/2020 15:30,Lake Conjola,CON1,CON1-Surface,0.5,33625.4,25.1,7.09
20/01/2020 15:45,Lake Conjola,CON1,CON1-Surface,0.5,33619.4,25.13,7.17
20/01/2020 16:00,Lake Conjola,CON1,CON1-Surface,0.5,33628.4,25.15,7.26
20/01/2020 16:15,Lake Conjola,CON1,CON1-Surface,0.5,33583.8,25.15,6.96
20/01/2020 16:30,Lake Conjola,CON1,CON1-Surface,0.5,33601.6,25.17,6.96
20/01/2020 16:45,Lake Conjola,CON1,CON1-Surface,0.5,33583.8,25.24,7.23
20/01/2020 17:00,Lake Conjola,CON1,CON1-Surface,0.5,33598.6,25.26,7.47
20/01/2020 17:15,Lake Conjola,CON1,CON1-Surface,0.5,33563,25.29,7.66
20/01/2020 17:30,Lake Conjola,CON1,CON1-Surface,0.5,33574.9,25.26,7
20/01/2020 17:45,Lake Conjola,CON1,CON1-Surface,0.5,33521.6,25.24,6.63
20/01/2020 18:00,Lake Conjola,CON1,CON1-Surface,0.5,33530.5,25.23,6.94
20/01/2020 18:15,Lake Conjola,CON1,CON1-Surface,0.5,33495,25.2,6.64
20/01/2020 18:30,Lake Conjola,CON1,CON1-Surface,0.5,33483.2,25.15,6.91
20/01/2020 18:45,Lake Conjola,CON1,CON1-Surface,0.5,33456.7,25.15,6.92
20/01/2020 19:00,Lake Conjola,CON1,CON1-Surface,0.5,33459.7,25.09,6.92
20/01/2020 19:15,Lake Conjola,CON1,CON1-Surface,0.5,33471.4,25.12,7.33
20/01/2020 19:30,Lake Conjola,CON1,CON1-Surface,0.5,33489.1,25.18,7.34
20/01/2020 19:45,Lake Conjola,CON1,CON1-Surface,0.5,33412.6,24.97,7.3
20/01/2020 20:00,Lake Conjola,CON1,CON1-Surface,0.5,33406.8,24.93,7.64
20/01/2020 20:15,Lake Conjola,CON1,CON1-Surface,0.5,33377.4,24.86,7.66
20/01/2020 20:30,Lake Conjola,CON1,CON1-Surface,0.5,33365.7,24.87,7.66
20/01/2020 20:45,Lake Conjola,CON1,CON1-Surface,0.5,33357,24.86,7.72
20/01/2020 21:00,Lake Conjola,CON1,CON1-Surface,0.5,33362.8,24.86,7.7
20/01/2020 21:15,Lake Conjola,CON1,CON1-Surface,0.5,33362.8,24.86,7.26
20/01/2020 21:30,Lake Conjola,CON1,CON1-Surface,0.5,33339.4,24.85,6.94
20/01/2020 21:45,Lake Conjola,CON1,CON1-Surface,0.5,33351.1,24.87,7.17
20/01/2020 22:00,Lake Conjola,CON1,CON1-Surface,0.5,33333.6,24.88,7.11
20/01/2020 22:15,Lake Conjola,CON1,CON1-Surface,0.5,33368.7,24.91,7.15
20/01/2020 22:30,Lake Conjola,CON1,CON1-Surface,0.5,33359.9,24.93,7.32
20/01/2020 22:45,Lake Conjola,CON1,CON1-Surface,0.5,33359.9,24.92,7.14
20/01/2020 23:00,Lake Conjola,CON1,CON1-Surface,0.5,33348.2,24.88,7.12
20/01/2020 23:15,Lake Conjola,CON1,CON1-Surface,0.5,33324.8,24.88,7.15
20/01/2020 23:30,Lake Conjola,CON1,CON1-Surface,0.5,33354,24.95,6.97
20/01/2020 23:45,Lake Conjola,CON1,CON1-Surface,0.5,33351.1,24.99,7.43
21/01/2020 0:00,Lake Conjola,CON1,CON1-Surface,0.5,33354,25.02,7.5
21/01/2020 0:15,Lake Conjola,CON1,CON1-Surface,0.5,33368.7,25.04,7.46
21/01/2020 0:30,Lake Conjola,CON1,CON1-Surface,0.5,33345.3,25.02,6.94
21/01/2020 0:45,Lake Conjola,CON1,CON1-Surface,0.5,33342.4,25.02,7.4
21/01/2020 1:00,Lake Conjola,CON1,CON1-Surface,0.5,33357,24.97,6.95
21/01/2020 1:15,Lake Conjola,CON1,CON1-Surface,0.5,33359.9,24.98,7.34
21/01/2020 1:30,Lake Conjola,CON1,CON1-Surface,0.5,33324.8,24.96,7.33
21/01/2020 1:45,Lake Conjola,CON1,CON1-Surface,0.5,33310.2,24.93,7.48
21/01/2020 2:00,Lake Conjola,CON1,CON1-Surface,0.5,33327.8,24.93,7.49
21/01/2020 2:15,Lake Conjola,CON1,CON1-Surface,0.5,33321.9,24.92,7.56
21/01/2020 2:30,Lake Conjola,CON1,CON1-Surface,0.5,33333.6,24.88,7.5
21/01/2020 2:45,Lake Conjola,CON1,CON1-Surface,0.5,33301.5,24.87,7.51
21/01/2020 3:00,Lake Conjola,CON1,CON1-Surface,0.5,33321.9,24.85,7.54
21/01/2020 3:15,Lake Conjola,CON1,CON1-Surface,0.5,33275.3,24.82,7.46
21/01/2020 3:30,Lake Conjola,CON1,CON1-Surface,0.5,33263.7,24.8,7.56
21/01/2020 3:45,Lake Conjola,CON1,CON1-Surface,0.5,33275.3,24.8,7.56
21/01/2020 4:00,Lake Conjola,CON1,CON1-Surface,0.5,33269.5,24.77,7.44
21/01/2020 4:15,Lake Conjola,CON1,CON1-Surface,0.5,33275.3,24.76,7.47
21/01/2020 4:30,Lake Conjola,CON1,CON1-Surface,0.5,33243.3,24.75,7.48
21/01/2020 4:45,Lake Conjola,CON1,CON1-Surface,0.5,33255,24.74,7.52
21/01/2020 5:00,Lake Conjola,CON1,CON1-Surface,0.5,33228.8,24.73,7.44
21/01/2020 5:15,Lake Conjola,CON1,CON1-Surface,0.5,33231.7,24.71,7.3
21/01/2020 5:30,Lake Conjola,CON1,CON1-Surface,0.5,33234.6,24.7,7.43
21/01/2020 5:45,Lake Conjola,CON1,CON1-Surface,0.5,33223,24.66,7.46
21/01/2020 6:00,Lake Conjola,CON1,CON1-Surface,0.5,33225.9,24.65,7.32
21/01/2020 6:15,Lake Conjola,CON1,CON1-Surface,0.5,33217.2,24.64,7.22
21/01/2020 6:30,Lake Conjola,CON1,CON1-Surface,0.5,33217.2,24.62,7.19
21/01/2020 6:45,Lake Conjola,CON1,CON1-Surface,0.5,33185.4,24.6,7.14
21/01/2020 7:00,Lake Conjola,CON1,CON1-Surface,0.5,33234.6,24.6,7.2
21/01/2020 7:15,Lake Conjola,CON1,CON1-Surface,0.5,33208.5,24.59,7.32
21/01/2020 7:30,Lake Conjola,CON1,CON1-Surface,0.5,33194.1,24.59,7.31
21/01/2020 7:45,Lake Conjola,CON1,CON1-Surface,0.5,33199.9,24.59,7.29
21/01/2020 8:00,Lake Conjola,CON1,CON1-Surface,0.5,33170.9,24.63,7.25
21/01/2020 8:15,Lake Conjola,CON1,CON1-Surface,0.5,33191.2,24.63,7.29
21/01/2020 8:30,Lake Conjola,CON1,CON1-Surface,0.5,33223,24.63,7.31
21/01/2020 8:45,Lake Conjola,CON1,CON1-Surface,0.5,33194.1,24.64,7.37
21/01/2020 9:00,Lake Conjola,CON1,CON1-Surface,0.5,33182.5,24.69,7.44
21/01/2020 9:15,Lake Conjola,CON1,CON1-Surface,0.5,33191.2,24.69,7.47
21/01/2020 9:30,Lake Conjola,CON1,CON1-Surface,0.5,33194.1,24.76,7.52
21/01/2020 9:45,Lake Conjola,CON1,CON1-Surface,0.5,33211.4,24.73,7.54
21/01/2020 10:00,Lake Conjola,CON1,CON1-Surface,0.5,33208.5,24.76,7.54
21/01/2020 10:15,Lake Conjola,CON1,CON1-Surface,0.5,33208.5,24.74,7.61
21/01/2020 10:30,Lake Conjola,CON1,CON1-Surface,0.5,33179.6,24.74,7.55
21/01/2020 10:45,Lake Conjola,CON1,CON1-Surface,0.5,33176.7,24.71,7.54
21/01/2020 11:00,Lake Conjola,CON1,CON1-Surface,0.5,33188.3,24.66,7.47
21/01/2020 11:15,Lake Conjola,CON1,CON1-Surface,0.5,33179.6,24.64,7.36
21/01/2020 11:30,Lake Conjola,CON1,CON1-Surface,0.5,33211.4,24.65,7.3
21/01/2020 11:45,Lake Conjola,CON1,CON1-Surface,0.5,33199.9,24.69,7.39
21/01/2020 12:00,Lake Conjola,CON1,CON1-Surface,0.5,33194.1,24.75,7.66
21/01/2020 12:15,Lake Conjola,CON1,CON1-Surface,0.5,33214.3,24.77,7.72
21/01/2020 12:30,Lake Conjola,CON1,CON1-Surface,0.5,33228.8,24.79,7.67
21/01/2020 12:45,Lake Conjola,CON1,CON1-Surface,0.5,33266.6,24.95,7.67
21/01/2020 13:00,Lake Conjola,CON1,CON1-Surface,0.5,33214.3,24.86,7.65
21/01/2020 13:15,Lake Conjola,CON1,CON1-Surface,0.5,33231.7,24.84,7.59
21/01/2020 13:30,Lake Conjola,CON1,CON1-Surface,0.5,33292.8,25.07,7.11
21/01/2020 13:45,Lake Conjola,CON1,CON1-Surface,0.5,33260.8,24.99,7.08
21/01/2020 14:00,Lake Conjola,CON1,CON1-Surface,0.5,33263.7,24.99,7.07
21/01/2020 14:15,Lake Conjola,CON1,CON1-Surface,0.5,33342.4,25.1,7.06
21/01/2020 14:30,Lake Conjola,CON1,CON1-Surface,0.5,33377.4,25.29,7.87
21/01/2020 14:45,Lake Conjola,CON1,CON1-Surface,0.5,33333.6,25.21,7.26
21/01/2020 15:00,Lake Conjola,CON1,CON1-Surface,0.5,33383.3,25.4,7.72
21/01/2020 15:15,Lake Conjola,CON1,CON1-Surface,0.5,33354,25.3,7.6
21/01/2020 15:30,Lake Conjola,CON1,CON1-Surface,0.5,33398,25.42,7.73
21/01/2020 15:45,Lake Conjola,CON1,CON1-Surface,0.5,33377.4,25.4,7.76
21/01/2020 16:00,Lake Conjola,CON1,CON1-Surface,0.5,33365.7,25.39,7.68
21/01/2020 16:15,Lake Conjola,CON1,CON1-Surface,0.5,33354,25.35,7.52
21/01/2020 16:30,Lake Conjola,CON1,CON1-Surface,0.5,33392.1,25.4,7.76
21/01/2020 16:45,Lake Conjola,CON1,CON1-Surface,0.5,33357,25.37,7.58
21/01/2020 17:00,Lake Conjola,CON1,CON1-Surface,0.5,33351.1,25.39,7.83
21/01/2020 17:15,Lake Conjola,CON1,CON1-Surface,0.5,33371.6,25.45,7.89
21/01/2020 17:30,Lake Conjola,CON1,CON1-Surface,0.5,33359.9,25.42,7.73
21/01/2020 17:45,Lake Conjola,CON1,CON1-Surface,0.5,33351.1,25.35,7.67
21/01/2020 18:00,Lake Conjola,CON1,CON1-Surface,0.5,33342.4,25.34,7.53
21/01/2020 18:15,Lake Conjola,CON1,CON1-Surface,0.5,33409.7,25.58,8.15
21/01/2020 18:30,Lake Conjola,CON1,CON1-Surface,0.5,33447.9,25.54,8.11
21/01/2020 18:45,Lake Conjola,CON1,CON1-Surface,0.5,33418.5,25.57,8.22
21/01/2020 19:00,Lake Conjola,CON1,CON1-Surface,0.5,33442,25.53,8.13
21/01/2020 19:15,Lake Conjola,CON1,CON1-Surface,0.5,33409.7,25.52,8.18
21/01/2020 19:30,Lake Conjola,CON1,CON1-Surface,0.5,33406.8,25.46,8.1
21/01/2020 19:45,Lake Conjola,CON1,CON1-Surface,0.5,33418.5,25.48,8.15
21/01/2020 20:00,Lake Conjola,CON1,CON1-Surface,0.5,33348.2,25.35,7.96
21/01/2020 20:15,Lake Conjola,CON1,CON1-Surface,0.5,33362.8,25.32,8.01
21/01/2020 20:30,Lake Conjola,CON1,CON1-Surface,0.5,33304.4,25.2,7.83
21/01/2020 20:45,Lake Conjola,CON1,CON1-Surface,0.5,33327.8,25.14,7.7
21/01/2020 21:00,Lake Conjola,CON1,CON1-Surface,0.5,33243.3,25.02,7.74
21/01/2020 21:15,Lake Conjola,CON1,CON1-Surface,0.5,33275.3,25.03,7.64
21/01/2020 21:30,Lake Conjola,CON1,CON1-Surface,0.5,33298.6,25.03,7.75
21/01/2020 21:45,Lake Conjola,CON1,CON1-Surface,0.5,33243.3,25.04,7.87
21/01/2020 22:00,Lake Conjola,CON1,CON1-Surface,0.5,33269.5,25.08,7.89
21/01/2020 22:15,Lake Conjola,CON1,CON1-Surface,0.5,33286.9,25.15,7.95
21/01/2020 22:30,Lake Conjola,CON1,CON1-Surface,0.5,33336.5,25.19,7.94
21/01/2020 22:45,Lake Conjola,CON1,CON1-Surface,0.5,33357,25.32,8
21/01/2020 23:00,Lake Conjola,CON1,CON1-Surface,0.5,33362.8,25.35,8.04
21/01/2020 23:15,Lake Conjola,CON1,CON1-Surface,0.5,33368.7,25.36,8.02
21/01/2020 23:30,Lake Conjola,CON1,CON1-Surface,0.5,33374.5,25.35,7.99
21/01/2020 23:45,Lake Conjola,CON1,CON1-Surface,0.5,33359.9,25.39,7.93
22/01/2020 0:00,Lake Conjola,CON1,CON1-Surface,0.5,33389.2,25.41,8.01
22/01/2020 0:15,Lake Conjola,CON1,CON1-Surface,0.5,33365.7,25.4,7.96
22/01/2020 0:30,Lake Conjola,CON1,CON1-Surface,0.5,33351.1,25.35,7.86
22/01/2020 0:45,Lake Conjola,CON1,CON1-Surface,0.5,33327.8,25.32,7.64
22/01/2020 1:00,Lake Conjola,CON1,CON1-Surface,0.5,33354,25.26,7.17
22/01/2020 1:15,Lake Conjola,CON1,CON1-Surface,0.5,33357,25.32,7.85
22/01/2020 1:30,Lake Conjola,CON1,CON1-Surface,0.5,33327.8,25.3,7.22
22/01/2020 1:45,Lake Conjola,CON1,CON1-Surface,0.5,33354,25.29,7.56
22/01/2020 2:00,Lake Conjola,CON1,CON1-Surface,0.5,33333.6,25.28,7.61
22/01/2020 2:15,Lake Conjola,CON1,CON1-Surface,0.5,33357,25.25,7.48
22/01/2020 2:30,Lake Conjola,CON1,CON1-Surface,0.5,33301.5,25.24,7.52
22/01/2020 2:45,Lake Conjola,CON1,CON1-Surface,0.5,33339.4,25.23,7.43
22/01/2020 3:00,Lake Conjola,CON1,CON1-Surface,0.5,33313.2,25.2,7.58
22/01/2020 3:15,Lake Conjola,CON1,CON1-Surface,0.5,33342.4,25.19,7.47
22/01/2020 3:30,Lake Conjola,CON1,CON1-Surface,0.5,33319,25.17,7.39
22/01/2020 3:45,Lake Conjola,CON1,CON1-Surface,0.5,33295.7,25.15,7.39
22/01/2020 4:00,Lake Conjola,CON1,CON1-Surface,0.5,33281.1,25.14,7.36
22/01/2020 4:15,Lake Conjola,CON1,CON1-Surface,0.5,33301.5,25.12,7.42
22/01/2020 4:30,Lake Conjola,CON1,CON1-Surface,0.5,33292.8,25.1,7.44
22/01/2020 4:45,Lake Conjola,CON1,CON1-Surface,0.5,33269.5,25.09,7.45
22/01/2020 5:00,Lake Conjola,CON1,CON1-Surface,0.5,33272.4,25.08,7.37
22/01/2020 5:15,Lake Conjola,CON1,CON1-Surface,0.5,33327.8,25.09,7.55
22/01/2020 5:30,Lake Conjola,CON1,CON1-Surface,0.5,33284,25.08,7.66
22/01/2020 5:45,Lake Conjola,CON1,CON1-Surface,0.5,33295.7,25.06,7.51
22/01/2020 6:00,Lake Conjola,CON1,CON1-Surface,0.5,33284,25.04,7.3
22/01/2020 6:15,Lake Conjola,CON1,CON1-Surface,0.5,33272.4,25.03,7.34
22/01/2020 6:30,Lake Conjola,CON1,CON1-Surface,0.5,33266.6,25.02,7.37
22/01/2020 6:45,Lake Conjola,CON1,CON1-Surface,0.5,33284,25.03,7.47
22/01/2020 7:00,Lake Conjola,CON1,CON1-Surface,0.5,33298.6,25.02,7.49
22/01/2020 7:15,Lake Conjola,CON1,CON1-Surface,0.5,33272.4,25.02,7.4
22/01/2020 7:30,Lake Conjola,CON1,CON1-Surface,0.5,33284,25.02,7.5
22/01/2020 7:45,Lake Conjola,CON1,CON1-Surface,0.5,33272.4,25.02,7.45
22/01/2020 8:00,Lake Conjola,CON1,CON1-Surface,0.5,33298.6,25.04,7.44
22/01/2020 8:15,Lake Conjola,CON1,CON1-Surface,0.5,33286.9,25.06,7.55
22/01/2020 8:30,Lake Conjola,CON1,CON1-Surface,0.5,33281.1,25.06,7.68
22/01/2020 8:45,Lake Conjola,CON1,CON1-Surface,0.5,33301.5,25.07,7.67
22/01/2020 9:00,Lake Conjola,CON1,CON1-Surface,0.5,33304.4,25.07,7.54
22/01/2020 9:15,Lake Conjola,CON1,CON1-Surface,0.5,33263.7,25.1,7.56
22/01/2020 9:30,Lake Conjola,CON1,CON1-Surface,0.5,33339.4,25.21,7.62
22/01/2020 9:45,Lake Conjola,CON1,CON1-Surface,0.5,33345.3,25.31,7.94
22/01/2020 10:00,Lake Conjola,CON1,CON1-Surface,0.5,33357,25.39,8.11
22/01/2020 10:15,Lake Conjola,CON1,CON1-Surface,0.5,33371.6,25.4,8.14
22/01/2020 10:30,Lake Conjola,CON1,CON1-Surface,0.5,33395,25.41,8.17
22/01/2020 10:45,Lake Conjola,CON1,CON1-Surface,0.5,33386.2,25.45,8.19
22/01/2020 11:00,Lake Conjola,CON1,CON1-Surface,0.5,33406.8,25.56,8.21
22/01/2020 11:15,Lake Conjola,CON1,CON1-Surface,0.5,33380.4,25.61,8.26
22/01/2020 11:30,Lake Conjola,CON1,CON1-Surface,0.5,33430.2,25.65,8.28
22/01/2020 11:45,Lake Conjola,CON1,CON1-Surface,0.5,33453.8,25.63,8.24
22/01/2020 12:00,Lake Conjola,CON1,CON1-Surface,0.5,33424.4,25.65,8.3
22/01/2020 12:15,Lake Conjola,CON1,CON1-Surface,0.5,33439.1,25.69,8.32
22/01/2020 12:30,Lake Conjola,CON1,CON1-Surface,0.5,33480.3,25.81,8.37
22/01/2020 12:45,Lake Conjola,CON1,CON1-Surface,0.5,33486.2,25.97,8.38
22/01/2020 13:00,Lake Conjola,CON1,CON1-Surface,0.5,33530.5,26.09,8.4
22/01/2020 13:15,Lake Conjola,CON1,CON1-Surface,0.5,33589.7,26.19,8.45
22/01/2020 13:30,Lake Conjola,CON1,CON1-Surface,0.5,33577.9,26.16,8.46
22/01/2020 13:45,Lake Conjola,CON1,CON1-Surface,0.5,33527.5,26.07,8.48
22/01/2020 14:00,Lake Conjola,CON1,CON1-Surface,0.5,33518.6,26.05,8.47
22/01/2020 14:15,Lake Conjola,CON1,CON1-Surface,0.5,33527.5,26.11,8.4
22/01/2020 14:30,Lake Conjola,CON1,CON1-Surface,0.5,33530.5,26.09,8.41
22/01/2020 14:45,Lake Conjola,CON1,CON1-Surface,0.5,33518.6,26,8.42
22/01/2020 15:00,Lake Conjola,CON1,CON1-Surface,0.5,33533.4,26,8.47
22/01/2020 15:15,Lake Conjola,CON1,CON1-Surface,0.5,33542.3,26.08,8.53
22/01/2020 15:30,Lake Conjola,CON1,CON1-Surface,0.5,33580.8,26.22,8.58
22/01/2020 15:45,Lake Conjola,CON1,CON1-Surface,0.5,33619.4,26.44,8.61
22/01/2020 16:00,Lake Conjola,CON1,CON1-Surface,0.5,33664.1,26.56,8.66
22/01/2020 16:15,Lake Conjola,CON1,CON1-Surface,0.5,33735.9,26.69,8.7
22/01/2020 16:30,Lake Conjola,CON1,CON1-Surface,0.5,33744.9,26.85,8.72
22/01/2020 16:45,Lake Conjola,CON1,CON1-Surface,0.5,33738.9,26.87,8.7
22/01/2020 17:00,Lake Conjola,CON1,CON1-Surface,0.5,33726.9,26.88,8.73
22/01/2020 17:15,Lake Conjola,CON1,CON1-Surface,0.5,33765.9,26.89,8.73
22/01/2020 17:30,Lake Conjola,CON1,CON1-Surface,0.5,33723.9,26.89,8.72
22/01/2020 17:45,Lake Conjola,CON1,CON1-Surface,0.5,33735.9,26.85,8.73
22/01/2020 18:00,Lake Conjola,CON1,CON1-Surface,0.5,33732.9,26.79,8.74
22/01/2020 18:15,Lake Conjola,CON1,CON1-Surface,0.5,33726.9,26.72,8.78
22/01/2020 18:30,Lake Conjola,CON1,CON1-Surface,0.5,33702.9,26.72,8.8
22/01/2020 18:45,Lake Conjola,CON1,CON1-Surface,0.5,33688,26.72,8.81
22/01/2020 19:00,Lake Conjola,CON1,CON1-Surface,0.5,33705.9,26.73,8.77
22/01/2020 19:15,Lake Conjola,CON1,CON1-Surface,0.5,33688,26.66,8.77
22/01/2020 19:30,Lake Conjola,CON1,CON1-Surface,0.5,33705.9,26.67,8.73
22/01/2020 19:45,Lake Conjola,CON1,CON1-Surface,0.5,33711.9,26.62,8.68
22/01/2020 20:00,Lake Conjola,CON1,CON1-Surface,0.5,33643.2,26.45,8.54
22/01/2020 20:15,Lake Conjola,CON1,CON1-Surface,0.5,33601.6,26.32,8.45
22/01/2020 20:30,Lake Conjola,CON1,CON1-Surface,0.5,33631.3,26.4,8.57
22/01/2020 20:45,Lake Conjola,CON1,CON1-Surface,0.5,33613.5,26.3,8.46
22/01/2020 21:00,Lake Conjola,CON1,CON1-Surface,0.5,33619.4,26.25,8.32
22/01/2020 21:15,Lake Conjola,CON1,CON1-Surface,0.5,33604.6,26.22,8.36
22/01/2020 21:30,Lake Conjola,CON1,CON1-Surface,0.5,33604.6,26.22,8.43
22/01/2020 21:45,Lake Conjola,CON1,CON1-Surface,0.5,33616.5,26.24,8.51
22/01/2020 22:00,Lake Conjola,CON1,CON1-Surface,0.5,33566,26.24,8.45
22/01/2020 22:15,Lake Conjola,CON1,CON1-Surface,0.5,33601.6,26.29,8.45
22/01/2020 22:30,Lake Conjola,CON1,CON1-Surface,0.5,33622.4,26.24,8.4
22/01/2020 22:45,Lake Conjola,CON1,CON1-Surface,0.5,33616.5,26.23,8.34
22/01/2020 23:00,Lake Conjola,CON1,CON1-Surface,0.5,33560.1,26.19,8.32
22/01/2020 23:15,Lake Conjola,CON1,CON1-Surface,0.5,33569,26.17,8.28
22/01/2020 23:30,Lake Conjola,CON1,CON1-Surface,0.5,33583.8,26.14,8.29
22/01/2020 23:45,Lake Conjola,CON1,CON1-Surface,0.5,33569,26.11,8.28
23/01/2020 0:00,Lake Conjola,CON1,CON1-Surface,0.5,33563,25.97,8.29
23/01/2020 0:15,Lake Conjola,CON1,CON1-Surface,0.5,33548.2,25.97,8.26
23/01/2020 0:30,Lake Conjola,CON1,CON1-Surface,0.5,33554.1,25.96,8.23
23/01/2020 0:45,Lake Conjola,CON1,CON1-Surface,0.5,33530.5,25.97,8.28
23/01/2020 1:00,Lake Conjola,CON1,CON1-Surface,0.5,33536.4,26,8.24
23/01/2020 1:15,Lake Conjola,CON1,CON1-Surface,0.5,33542.3,26,8.21
23/01/2020 1:30,Lake Conjola,CON1,CON1-Surface,0.5,33530.5,25.98,8.14
23/01/2020 1:45,Lake Conjola,CON1,CON1-Surface,0.5,33542.3,25.98,8.07
23/01/2020 2:00,Lake Conjola,CON1,CON1-Surface,0.5,33539.3,25.98,8.1
23/01/2020 2:15,Lake Conjola,CON1,CON1-Surface,0.5,33509.8,25.96,8.07
23/01/2020 2:30,Lake Conjola,CON1,CON1-Surface,0.5,33551.2,25.96,8.1
23/01/2020 2:45,Lake Conjola,CON1,CON1-Surface,0.5,33530.5,25.95,8.01
23/01/2020 3:00,Lake Conjola,CON1,CON1-Surface,0.5,33554.1,25.95,8.08
23/01/2020 3:15,Lake Conjola,CON1,CON1-Surface,0.5,33521.6,25.94,8.07
23/01/2020 3:30,Lake Conjola,CON1,CON1-Surface,0.5,33527.5,25.94,8.03
23/01/2020 3:45,Lake Conjola,CON1,CON1-Surface,0.5,33509.8,25.91,8.15
23/01/2020 4:00,Lake Conjola,CON1,CON1-Surface,0.5,33489.1,25.89,8.15
23/01/2020 4:15,Lake Conjola,CON1,CON1-Surface,0.5,33498,25.87,8.14
23/01/2020 4:30,Lake Conjola,CON1,CON1-Surface,0.5,33512.7,25.87,8.27
23/01/2020 4:45,Lake Conjola,CON1,CON1-Surface,0.5,33489.1,25.87,8.25
23/01/2020 5:00,Lake Conjola,CON1,CON1-Surface,0.5,33512.7,25.86,8.03
23/01/2020 5:15,Lake Conjola,CON1,CON1-Surface,0.5,33495,25.86,8.2
23/01/2020 5:30,Lake Conjola,CON1,CON1-Surface,0.5,33512.7,25.86,7.97
23/01/2020 5:45,Lake Conjola,CON1,CON1-Surface,0.5,33521.6,25.85,8.22
23/01/2020 6:00,Lake Conjola,CON1,CON1-Surface,0.5,33509.8,25.84,8.17
23/01/2020 6:15,Lake Conjola,CON1,CON1-Surface,0.5,33524.6,25.85,8.17
23/01/2020 6:30,Lake Conjola,CON1,CON1-Surface,0.5,33521.6,25.85,8.19
23/01/2020 6:45,Lake Conjola,CON1,CON1-Surface,0.5,33503.9,25.83,8.1
23/01/2020 7:00,Lake Conjola,CON1,CON1-Surface,0.5,33495,25.81,8.11
23/01/2020 7:15,Lake Conjola,CON1,CON1-Surface,0.5,33503.9,25.81,8.1
23/01/2020 7:30,Lake Conjola,CON1,CON1-Surface,0.5,33512.7,25.8,8.11
23/01/2020 7:45,Lake Conjola,CON1,CON1-Surface,0.5,33524.6,25.8,8.12
23/01/2020 8:00,Lake Conjola,CON1,CON1-Surface,0.5,33465.5,25.8,8.09
23/01/2020 8:15,Lake Conjola,CON1,CON1-Surface,0.5,33512.7,25.79,8.1
23/01/2020 8:30,Lake Conjola,CON1,CON1-Surface,0.5,33492.1,25.76,7.99
23/01/2020 8:45,Lake Conjola,CON1,CON1-Surface,0.5,33512.7,25.79,7.97
23/01/2020 9:00,Lake Conjola,CON1,CON1-Surface,0.5,33480.3,25.8,8.12
23/01/2020 9:15,Lake Conjola,CON1,CON1-Surface,0.5,33521.6,25.84,8.4
23/01/2020 9:30,Lake Conjola,CON1,CON1-Surface,0.5,33489.1,25.84,8.4
23/01/2020 9:45,Lake Conjola,CON1,CON1-Surface,0.5,33539.3,25.85,8.35
23/01/2020 10:00,Lake Conjola,CON1,CON1-Surface,0.5,33498,25.86,8.41
23/01/2020 10:15,Lake Conjola,CON1,CON1-Surface,0.5,33542.3,25.87,8.23
23/01/2020 10:30,Lake Conjola,CON1,CON1-Surface,0.5,33527.5,25.86,8.22
23/01/2020 10:45,Lake Conjola,CON1,CON1-Surface,0.5,33542.3,25.87,8.31
23/01/2020 11:00,Lake Conjola,CON1,CON1-Surface,0.5,33524.6,25.86,8.29
23/01/2020 11:15,Lake Conjola,CON1,CON1-Surface,0.5,33524.6,25.85,8.28
23/01/2020 11:30,Lake Conjola,CON1,CON1-Surface,0.5,33512.7,25.83,8.24
23/01/2020 11:45,Lake Conjola,CON1,CON1-Surface,0.5,33483.2,25.81,8.25
23/01/2020 12:00,Lake Conjola,CON1,CON1-Surface,0.5,33483.2,25.78,8.2
23/01/2020 12:15,Lake Conjola,CON1,CON1-Surface,0.5,33486.2,25.75,8.12
23/01/2020 12:30,Lake Conjola,CON1,CON1-Surface,0.5,33483.2,25.74,8.14
23/01/2020 12:45,Lake Conjola,CON1,CON1-Surface,0.5,33480.3,25.75,8.08
23/01/2020 13:00,Lake Conjola,CON1,CON1-Surface,0.5,33483.2,25.74,8.08
23/01/2020 13:15,Lake Conjola,CON1,CON1-Surface,0.5,33498,25.74,8.09
23/01/2020 13:30,Lake Conjola,CON1,CON1-Surface,0.5,33515.7,25.74,8.17
23/01/2020 13:45,Lake Conjola,CON1,CON1-Surface,0.5,33486.2,25.76,8.18
23/01/2020 14:00,Lake Conjola,CON1,CON1-Surface,0.5,33495,25.8,8.2
23/01/2020 14:15,Lake Conjola,CON1,CON1-Surface,0.5,33498,25.8,8.15
23/01/2020 14:30,Lake Conjola,CON1,CON1-Surface,0.5,33483.2,25.8,8.17
23/01/2020 14:45,Lake Conjola,CON1,CON1-Surface,0.5,33524.6,25.8,8.13
23/01/2020 15:00,Lake Conjola,CON1,CON1-Surface,0.5,33512.7,25.81,8.11
23/01/2020 15:15,Lake Conjola,CON1,CON1-Surface,0.5,33536.4,25.81,8.15
23/01/2020 15:30,Lake Conjola,CON1,CON1-Surface,0.5,33530.5,25.8,8.24
23/01/2020 15:45,Lake Conjola,CON1,CON1-Surface,0.5,33492.1,25.76,8.29
23/01/2020 16:00,Lake Conjola,CON1,CON1-Surface,0.5,33480.3,25.81,8.28
23/01/2020 16:15,Lake Conjola,CON1,CON1-Surface,0.5,33527.5,25.81,8.22
23/01/2020 16:30,Lake Conjola,CON1,CON1-Surface,0.5,33521.6,25.81,8.25
23/01/2020 16:45,Lake Conjola,CON1,CON1-Surface,0.5,33512.7,25.83,8.2
23/01/2020 17:00,Lake Conjola,CON1,CON1-Surface,0.5,33542.3,25.81,8.16
23/01/2020 17:15,Lake Conjola,CON1,CON1-Surface,0.5,33560.1,25.78,8.14
23/01/2020 17:30,Lake Conjola,CON1,CON1-Surface,0.5,33486.2,25.78,8.13
23/01/2020 17:45,Lake Conjola,CON1,CON1-Surface,0.5,33542.3,25.8,8.12
23/01/2020 18:00,Lake Conjola,CON1,CON1-Surface,0.5,33548.2,25.79,8.15
23/01/2020 18:15,Lake Conjola,CON1,CON1-Surface,0.5,33509.8,25.84,8.18
23/01/2020 18:30,Lake Conjola,CON1,CON1-Surface,0.5,33500.9,25.73,8.17
23/01/2020 18:45,Lake Conjola,CON1,CON1-Surface,0.5,33524.6,25.75,8.15
23/01/2020 19:00,Lake Conjola,CON1,CON1-Surface,0.5,33486.2,25.75,8.15
23/01/2020 19:15,Lake Conjola,CON1,CON1-Surface,0.5,33509.8,25.73,8.14
23/01/2020 19:30,Lake Conjola,CON1,CON1-Surface,0.5,33498,25.72,8.18
23/01/2020 19:45,Lake Conjola,CON1,CON1-Surface,0.5,33512.7,25.72,8.17
23/01/2020 20:00,Lake Conjola,CON1,CON1-Surface,0.5,33468.5,25.67,8.11
23/01/2020 20:15,Lake Conjola,CON1,CON1-Surface,0.5,33492.1,25.65,8.04
23/01/2020 20:30,Lake Conjola,CON1,CON1-Surface,0.5,33462.6,25.63,8.02
23/01/2020 20:45,Lake Conjola,CON1,CON1-Surface,0.5,33480.3,25.61,7.98
23/01/2020 21:00,Lake Conjola,CON1,CON1-Surface,0.5,33453.8,25.58,7.94
23/01/2020 21:15,Lake Conjola,CON1,CON1-Surface,0.5,33477.3,25.61,7.94
23/01/2020 21:30,Lake Conjola,CON1,CON1-Surface,0.5,33459.7,25.61,7.9
23/01/2020 21:45,Lake Conjola,CON1,CON1-Surface,0.5,33459.7,25.61,7.95
23/01/2020 22:00,Lake Conjola,CON1,CON1-Surface,0.5,33483.2,25.61,7.95
23/01/2020 22:15,Lake Conjola,CON1,CON1-Surface,0.5,33495,25.59,7.97
23/01/2020 22:30,Lake Conjola,CON1,CON1-Surface,0.5,33462.6,25.58,7.97
23/01/2020 22:45,Lake Conjola,CON1,CON1-Surface,0.5,33480.3,25.59,8
23/01/2020 23:00,Lake Conjola,CON1,CON1-Surface,0.5,33468.5,25.58,7.98
23/01/2020 23:15,Lake Conjola,CON1,CON1-Surface,0.5,33447.9,25.58,7.81
23/01/2020 23:30,Lake Conjola,CON1,CON1-Surface,0.5,33462.6,25.57,7.88
23/01/2020 23:45,Lake Conjola,CON1,CON1-Surface,0.5,33459.7,25.58,7.91
24/01/2020 0:00,Lake Conjola,CON1,CON1-Surface,0.5,33480.3,25.58,7.84
24/01/2020 0:15,Lake Conjola,CON1,CON1-Surface,0.5,33480.3,25.57,7.88
24/01/2020 0:30,Lake Conjola,CON1,CON1-Surface,0.5,33439.1,25.57,7.8
24/01/2020 0:45,Lake Conjola,CON1,CON1-Surface,0.5,33418.5,25.57,7.6
24/01/2020 1:00,Lake Conjola,CON1,CON1-Surface,0.5,33492.1,25.56,7.76
24/01/2020 1:15,Lake Conjola,CON1,CON1-Surface,0.5,33444.9,25.56,7.82
24/01/2020 1:30,Lake Conjola,CON1,CON1-Surface,0.5,33421.4,25.54,7.78
24/01/2020 1:45,Lake Conjola,CON1,CON1-Surface,0.5,33409.7,25.54,7.75
24/01/2020 2:00,Lake Conjola,CON1,CON1-Surface,0.5,33406.8,25.53,7.74
24/01/2020 2:15,Lake Conjola,CON1,CON1-Surface,0.5,33418.5,25.53,7.7
24/01/2020 2:30,Lake Conjola,CON1,CON1-Surface,0.5,33415.6,25.53,7.65
24/01/2020 2:45,Lake Conjola,CON1,CON1-Surface,0.5,33450.8,25.53,7.61
24/01/2020 3:00,Lake Conjola,CON1,CON1-Surface,0.5,33418.5,25.51,7.73
24/01/2020 3:15,Lake Conjola,CON1,CON1-Surface,0.5,33427.3,25.5,7.73
24/01/2020 3:30,Lake Conjola,CON1,CON1-Surface,0.5,33447.9,25.48,7.72
24/01/2020 3:45,Lake Conjola,CON1,CON1-Surface,0.5,33421.4,25.48,7.71
24/01/2020 4:00,Lake Conjola,CON1,CON1-Surface,0.5,33418.5,25.47,7.7
24/01/2020 4:15,Lake Conjola,CON1,CON1-Surface,0.5,33403.8,25.46,7.68
24/01/2020 4:30,Lake Conjola,CON1,CON1-Surface,0.5,33415.6,25.45,7.67
24/01/2020 4:45,Lake Conjola,CON1,CON1-Surface,0.5,33415.6,25.46,7.66
24/01/2020 5:00,Lake Conjola,CON1,CON1-Surface,0.5,33374.5,25.45,7.65
24/01/2020 5:15,Lake Conjola,CON1,CON1-Surface,0.5,33403.8,25.46,7.55
24/01/2020 5:30,Lake Conjola,CON1,CON1-Surface,0.5,33395,25.45,7.58
24/01/2020 5:45,Lake Conjola,CON1,CON1-Surface,0.5,33374.5,25.42,7.6
24/01/2020 6:00,Lake Conjola,CON1,CON1-Surface,0.5,33400.9,25.42,7.57
24/01/2020 6:15,Lake Conjola,CON1,CON1-Surface,0.5,33389.2,25.4,7.56
24/01/2020 6:30,Lake Conjola,CON1,CON1-Surface,0.5,33380.4,25.4,7.53
24/01/2020 6:45,Lake Conjola,CON1,CON1-Surface,0.5,33386.2,25.4,7.4
24/01/2020 7:00,Lake Conjola,CON1,CON1-Surface,0.5,33374.5,25.4,7.5
24/01/2020 7:15,Lake Conjola,CON1,CON1-Surface,0.5,33354,25.39,7.47
24/01/2020 7:30,Lake Conjola,CON1,CON1-Surface,0.5,33365.7,25.37,7.5
24/01/2020 7:45,Lake Conjola,CON1,CON1-Surface,0.5,33380.4,25.37,7.19
24/01/2020 8:00,Lake Conjola,CON1,CON1-Surface,0.5,33357,25.37,7.3
24/01/2020 8:15,Lake Conjola,CON1,CON1-Surface,0.5,33371.6,25.37,7.44
24/01/2020 8:30,Lake Conjola,CON1,CON1-Surface,0.5,33354,25.36,7.3
24/01/2020 8:45,Lake Conjola,CON1,CON1-Surface,0.5,33400.9,25.36,7.53
24/01/2020 9:00,Lake Conjola,CON1,CON1-Surface,0.5,33412.6,25.37,7.45
24/01/2020 9:15,Lake Conjola,CON1,CON1-Surface,0.5,33374.5,25.37,7.37
24/01/2020 9:30,Lake Conjola,CON1,CON1-Surface,0.5,33389.2,25.37,7.55
24/01/2020 9:45,Lake Conjola,CON1,CON1-Surface,0.5,33392.1,25.37,7.49
24/01/2020 10:00,Lake Conjola,CON1,CON1-Surface,0.5,33380.4,25.36,7.44
24/01/2020 10:15,Lake Conjola,CON1,CON1-Surface,0.5,33371.6,25.36,7.57
24/01/2020 10:30,Lake Conjola,CON1,CON1-Surface,0.5,33406.8,25.37,7.6
24/01/2020 10:45,Lake Conjola,CON1,CON1-Surface,0.5,33412.6,25.37,7.56
24/01/2020 11:00,Lake Conjola,CON1,CON1-Surface,0.5,33398,25.36,7.52
24/01/2020 11:15,Lake Conjola,CON1,CON1-Surface,0.5,33403.8,25.39,7.47
24/01/2020 11:30,Lake Conjola,CON1,CON1-Surface,0.5,33374.5,25.4,7.58
24/01/2020 11:45,Lake Conjola,CON1,CON1-Surface,0.5,33439.1,25.53,7.65
24/01/2020 12:00,Lake Conjola,CON1,CON1-Surface,0.5,33453.8,25.59,7.76
24/01/2020 12:15,Lake Conjola,CON1,CON1-Surface,0.5,33424.4,25.52,7.77
24/01/2020 12:30,Lake Conjola,CON1,CON1-Surface,0.5,33444.9,25.56,7.84
24/01/2020 12:45,Lake Conjola,CON1,CON1-Surface,0.5,33433.2,25.52,7.84
24/01/2020 13:00,Lake Conjola,CON1,CON1-Surface,0.5,33444.9,25.57,7.9
24/01/2020 13:15,Lake Conjola,CON1,CON1-Surface,0.5,33462.6,25.63,7.95
24/01/2020 13:30,Lake Conjola,CON1,CON1-Surface,0.5,33456.7,25.57,7.95
24/01/2020 13:45,Lake Conjola,CON1,CON1-Surface,0.5,33447.9,25.64,7.97
24/01/2020 14:00,Lake Conjola,CON1,CON1-Surface,0.5,33489.1,25.65,8.01
24/01/2020 14:15,Lake Conjola,CON1,CON1-Surface,0.5,33471.4,25.59,7.99
24/01/2020 14:30,Lake Conjola,CON1,CON1-Surface,0.5,33465.5,25.61,7.98
24/01/2020 14:45,Lake Conjola,CON1,CON1-Surface,0.5,33447.9,25.64,7.94
24/01/2020 15:00,Lake Conjola,CON1,CON1-Surface,0.5,33468.5,25.65,7.91
24/01/2020 15:15,Lake Conjola,CON1,CON1-Surface,0.5,33462.6,25.61,7.96
24/01/2020 15:30,Lake Conjola,CON1,CON1-Surface,0.5,33412.6,25.56,7.89
24/01/2020 15:45,Lake Conjola,CON1,CON1-Surface,0.5,33442,25.57,7.95
24/01/2020 16:00,Lake Conjola,CON1,CON1-Surface,0.5,33439.1,25.51,7.81
24/01/2020 16:15,Lake Conjola,CON1,CON1-Surface,0.5,33424.4,25.52,7.88
24/01/2020 16:30,Lake Conjola,CON1,CON1-Surface,0.5,33433.2,25.54,8.04
24/01/2020 16:45,Lake Conjola,CON1,CON1-Surface,0.5,33474.4,25.59,8.25
24/01/2020 17:00,Lake Conjola,CON1,CON1-Surface,0.5,33439.1,25.62,8.36
24/01/2020 17:15,Lake Conjola,CON1,CON1-Surface,0.5,33459.7,25.61,8.36
24/01/2020 17:30,Lake Conjola,CON1,CON1-Surface,0.5,33453.8,25.62,8.4
24/01/2020 17:45,Lake Conjola,CON1,CON1-Surface,0.5,33459.7,25.62,8.37
24/01/2020 18:00,Lake Conjola,CON1,CON1-Surface,0.5,33453.8,25.61,8.34
24/01/2020 18:15,Lake Conjola,CON1,CON1-Surface,0.5,33447.9,25.62,8.18
24/01/2020 18:30,Lake Conjola,CON1,CON1-Surface,0.5,33453.8,25.62,8.06
24/01/2020 18:45,Lake Conjola,CON1,CON1-Surface,0.5,33421.4,25.63,8.13
24/01/2020 19:00,Lake Conjola,CON1,CON1-Surface,0.5,33439.1,25.68,7.99
24/01/2020 19:15,Lake Conjola,CON1,CON1-Surface,0.5,33462.6,25.63,7.7
24/01/2020 19:30,Lake Conjola,CON1,CON1-Surface,0.5,33468.5,25.68,7.83
24/01/2020 19:45,Lake Conjola,CON1,CON1-Surface,0.5,33439.1,25.68,7.88
24/01/2020 20:00,Lake Conjola,CON1,CON1-Surface,0.5,33427.3,25.69,7.84
24/01/2020 20:15,Lake Conjola,CON1,CON1-Surface,0.5,33456.7,25.68,8.01
24/01/2020 20:30,Lake Conjola,CON1,CON1-Surface,0.5,33444.9,25.68,7.57
24/01/2020 20:45,Lake Conjola,CON1,CON1-Surface,0.5,33483.2,25.68,7.85
24/01/2020 21:00,Lake Conjola,CON1,CON1-Surface,0.5,33477.3,25.68,7.92
24/01/2020 21:15,Lake Conjola,CON1,CON1-Surface,0.5,33474.4,25.68,7.86
24/01/2020 21:30,Lake Conjola,CON1,CON1-Surface,0.5,33456.7,25.68,7.65
24/01/2020 21:45,Lake Conjola,CON1,CON1-Surface,0.5,33462.6,25.65,7.79
24/01/2020 22:00,Lake Conjola,CON1,CON1-Surface,0.5,33480.3,25.63,8.2
24/01/2020 22:15,Lake Conjola,CON1,CON1-Surface,0.5,33447.9,25.59,8.16
24/01/2020 22:30,Lake Conjola,CON1,CON1-Surface,0.5,33462.6,25.64,8.18
24/01/2020 22:45,Lake Conjola,CON1,CON1-Surface,0.5,33468.5,25.72,8.12
24/01/2020 23:00,Lake Conjola,CON1,CON1-Surface,0.5,33483.2,25.73,8.23
24/01/2020 23:15,Lake Conjola,CON1,CON1-Surface,0.5,33471.4,25.7,8.17
24/01/2020 23:30,Lake Conjola,CON1,CON1-Surface,0.5,33489.1,25.73,8
24/01/2020 23:45,Lake Conjola,CON1,CON1-Surface,0.5,33489.1,25.74,7.88
25/01/2020 0:00,Lake Conjola,CON1,CON1-Surface,0.5,33468.5,25.74,7.75
25/01/2020 0:15,Lake Conjola,CON1,CON1-Surface,0.5,33468.5,25.7,7.8
25/01/2020 0:30,Lake Conjola,CON1,CON1-Surface,0.5,33462.6,25.67,7.62
25/01/2020 0:45,Lake Conjola,CON1,CON1-Surface,0.5,33459.7,25.68,7.62
25/01/2020 1:00,Lake Conjola,CON1,CON1-Surface,0.5,33483.2,25.69,7.96
25/01/2020 1:15,Lake Conjola,CON1,CON1-Surface,0.5,33486.2,25.67,7.58
25/01/2020 1:30,Lake Conjola,CON1,CON1-Surface,0.5,33468.5,25.65,7.36
25/01/2020 1:45,Lake Conjola,CON1,CON1-Surface,0.5,33430.2,25.67,7.94
25/01/2020 2:00,Lake Conjola,CON1,CON1-Surface,0.5,33462.6,25.67,7.97
25/01/2020 2:15,Lake Conjola,CON1,CON1-Surface,0.5,33430.2,25.67,7.93
25/01/2020 2:30,Lake Conjola,CON1,CON1-Surface,0.5,33444.9,25.65,7.82
25/01/2020 2:45,Lake Conjola,CON1,CON1-Surface,0.5,33439.1,25.63,7.18
25/01/2020 3:00,Lake Conjola,CON1,CON1-Surface,0.5,33442,25.64,7.04
25/01/2020 3:15,Lake Conjola,CON1,CON1-Surface,0.5,33456.7,25.63,7.29
25/01/2020 3:30,Lake Conjola,CON1,CON1-Surface,0.5,33444.9,25.63,7.54
25/01/2020 3:45,Lake Conjola,CON1,CON1-Surface,0.5,33456.7,25.64,7.38
25/01/2020 4:00,Lake Conjola,CON1,CON1-Surface,0.5,33412.6,25.61,7.76
25/01/2020 4:15,Lake Conjola,CON1,CON1-Surface,0.5,33444.9,25.58,7.27
25/01/2020 4:30,Lake Conjola,CON1,CON1-Surface,0.5,33424.4,25.58,7.62
25/01/2020 4:45,Lake Conjola,CON1,CON1-Surface,0.5,33436.1,25.58,7.61
25/01/2020 5:00,Lake Conjola,CON1,CON1-Surface,0.5,33436.1,25.57,7.53
25/01/2020 5:15,Lake Conjola,CON1,CON1-Surface,0.5,33395,25.54,7.59
25/01/2020 5:30,Lake Conjola,CON1,CON1-Surface,0.5,33421.4,25.54,7.57
25/01/2020 5:45,Lake Conjola,CON1,CON1-Surface,0.5,33406.8,25.56,7.54
25/01/2020 6:00,Lake Conjola,CON1,CON1-Surface,0.5,33439.1,25.54,7.49
25/01/2020 6:15,Lake Conjola,CON1,CON1-Surface,0.5,33430.2,25.53,7.5
25/01/2020 6:30,Lake Conjola,CON1,CON1-Surface,0.5,33439.1,25.53,7.46
25/01/2020 6:45,Lake Conjola,CON1,CON1-Surface,0.5,33415.6,25.51,7.31
25/01/2020 7:00,Lake Conjola,CON1,CON1-Surface,0.5,33421.4,25.51,7.28
25/01/2020 7:15,Lake Conjola,CON1,CON1-Surface,0.5,33400.9,25.5,7.32
25/01/2020 7:30,Lake Conjola,CON1,CON1-Surface,0.5,33374.5,25.51,7.34
25/01/2020 7:45,Lake Conjola,CON1,CON1-Surface,0.5,33377.4,25.5,7.24
25/01/2020 8:00,Lake Conjola,CON1,CON1-Surface,0.5,33409.7,25.48,7.18
25/01/2020 8:15,Lake Conjola,CON1,CON1-Surface,0.5,33453.8,25.5,7.41
25/01/2020 8:30,Lake Conjola,CON1,CON1-Surface,0.5,33406.8,25.52,7.4
25/01/2020 8:45,Lake Conjola,CON1,CON1-Surface,0.5,33406.8,25.52,7.55
25/01/2020 9:00,Lake Conjola,CON1,CON1-Surface,0.5,33424.4,25.52,7.32
25/01/2020 9:15,Lake Conjola,CON1,CON1-Surface,0.5,33430.2,25.56,7.41
25/01/2020 9:30,Lake Conjola,CON1,CON1-Surface,0.5,33427.3,25.56,7.49
25/01/2020 9:45,Lake Conjola,CON1,CON1-Surface,0.5,33442,25.62,7.5
25/01/2020 10:00,Lake Conjola,CON1,CON1-Surface,0.5,33442,25.59,7.62
25/01/2020 10:15,Lake Conjola,CON1,CON1-Surface,0.5,33450.8,25.62,7.6
25/01/2020 10:30,Lake Conjola,CON1,CON1-Surface,0.5,33439.1,25.63,7.82
25/01/2020 10:45,Lake Conjola,CON1,CON1-Surface,0.5,33430.2,25.62,7.85
25/01/2020 11:00,Lake Conjola,CON1,CON1-Surface,0.5,33483.2,25.69,8.02
25/01/2020 11:15,Lake Conjola,CON1,CON1-Surface,0.5,33462.6,25.63,8.02
25/01/2020 11:30,Lake Conjola,CON1,CON1-Surface,0.5,33471.4,25.65,8.06
25/01/2020 11:45,Lake Conjola,CON1,CON1-Surface,0.5,33442,25.67,8.21
25/01/2020 12:00,Lake Conjola,CON1,CON1-Surface,0.5,33456.7,25.68,8.24
25/01/2020 12:15,Lake Conjola,CON1,CON1-Surface,0.5,33442,25.68,8.12
25/01/2020 12:30,Lake Conjola,CON1,CON1-Surface,0.5,33474.4,25.7,8.2
25/01/2020 12:45,Lake Conjola,CON1,CON1-Surface,0.5,33483.2,25.76,8.28
25/01/2020 13:00,Lake Conjola,CON1,CON1-Surface,0.5,33495,25.74,8.4
25/01/2020 13:15,Lake Conjola,CON1,CON1-Surface,0.5,33527.5,25.83,8.41
25/01/2020 13:30,Lake Conjola,CON1,CON1-Surface,0.5,33530.5,25.91,8.39
25/01/2020 13:45,Lake Conjola,CON1,CON1-Surface,0.5,33518.6,25.95,8.21
25/01/2020 14:00,Lake Conjola,CON1,CON1-Surface,0.5,33554.1,26.02,8.24
25/01/2020 14:15,Lake Conjola,CON1,CON1-Surface,0.5,33571.9,26.12,8.11
25/01/2020 14:30,Lake Conjola,CON1,CON1-Surface,0.5,33539.3,26.08,8.26
25/01/2020 14:45,Lake Conjola,CON1,CON1-Surface,0.5,33613.5,26.32,8.26
25/01/2020 15:00,Lake Conjola,CON1,CON1-Surface,0.5,33682,26.56,8.32
25/01/2020 15:15,Lake Conjola,CON1,CON1-Surface,0.5,33729.9,26.79,8.49
25/01/2020 15:30,Lake Conjola,CON1,CON1-Surface,0.5,33726.9,26.84,8.48
25/01/2020 15:45,Lake Conjola,CON1,CON1-Surface,0.5,33711.9,26.85,8.51
25/01/2020 16:00,Lake Conjola,CON1,CON1-Surface,0.5,33726.9,26.82,8.54
25/01/2020 16:15,Lake Conjola,CON1,CON1-Surface,0.5,33682,26.6,8.59
25/01/2020 16:30,Lake Conjola,CON1,CON1-Surface,0.5,33685,26.49,8.65
25/01/2020 16:45,Lake Conjola,CON1,CON1-Surface,0.5,33667.1,26.51,8.69
25/01/2020 17:00,Lake Conjola,CON1,CON1-Surface,0.5,33631.3,26.45,8.61
25/01/2020 17:15,Lake Conjola,CON1,CON1-Surface,0.5,33628.4,26.45,8.67
25/01/2020 17:30,Lake Conjola,CON1,CON1-Surface,0.5,33682,26.56,8.72
25/01/2020 17:45,Lake Conjola,CON1,CON1-Surface,0.5,33679,26.57,8.74
25/01/2020 18:00,Lake Conjola,CON1,CON1-Surface,0.5,33646.2,26.57,8.75
25/01/2020 18:15,Lake Conjola,CON1,CON1-Surface,0.5,33679,26.58,8.81
25/01/2020 18:30,Lake Conjola,CON1,CON1-Surface,0.5,33682,26.6,8.74
25/01/2020 18:45,Lake Conjola,CON1,CON1-Surface,0.5,33697,26.58,8.7
25/01/2020 19:00,Lake Conjola,CON1,CON1-Surface,0.5,33679,26.6,8.74
25/01/2020 19:15,Lake Conjola,CON1,CON1-Surface,0.5,33691,26.6,8.77
25/01/2020 19:30,Lake Conjola,CON1,CON1-Surface,0.5,33694,26.61,8.72
25/01/2020 19:45,Lake Conjola,CON1,CON1-Surface,0.5,33691,26.61,8.71
25/01/2020 20:00,Lake Conjola,CON1,CON1-Surface,0.5,33679,26.61,8.72
25/01/2020 20:15,Lake Conjola,CON1,CON1-Surface,0.5,33658.1,26.6,8.67
25/01/2020 20:30,Lake Conjola,CON1,CON1-Surface,0.5,33685,26.6,8.64
25/01/2020 20:45,Lake Conjola,CON1,CON1-Surface,0.5,33682,26.58,8.6
25/01/2020 21:00,Lake Conjola,CON1,CON1-Surface,0.5,33682,26.58,8.58
25/01/2020 21:15,Lake Conjola,CON1,CON1-Surface,0.5,33682,26.58,8.6
25/01/2020 21:30,Lake Conjola,CON1,CON1-Surface,0.5,33634.3,26.58,8.53
25/01/2020 21:45,Lake Conjola,CON1,CON1-Surface,0.5,33649.2,26.57,8.51
25/01/2020 22:00,Lake Conjola,CON1,CON1-Surface,0.5,33649.2,26.56,8.2
25/01/2020 22:15,Lake Conjola,CON1,CON1-Surface,0.5,33673.1,26.56,8.06
25/01/2020 22:30,Lake Conjola,CON1,CON1-Surface,0.5,33685,26.57,8.5
25/01/2020 22:45,Lake Conjola,CON1,CON1-Surface,0.5,33682,26.57,8.44
25/01/2020 23:00,Lake Conjola,CON1,CON1-Surface,0.5,32208.6,26.57,8.48
25/01/2020 23:15,Lake Conjola,CON1,CON1-Surface,0.5,31794.8,26.57,8.46
25/01/2020 23:30,Lake Conjola,CON1,CON1-Surface,0.5,33694,26.57,8.43
25/01/2020 23:45,Lake Conjola,CON1,CON1-Surface,0.5,33694,26.56,8.22
26/01/2020 0:00,Lake Conjola,CON1,CON1-Surface,0.5,33697,26.55,8.18
26/01/2020 0:15,Lake Conjola,CON1,CON1-Surface,0.5,33634.3,26.47,8.22
26/01/2020 0:30,Lake Conjola,CON1,CON1-Surface,0.5,33643.2,26.36,8.36
26/01/2020 0:45,Lake Conjola,CON1,CON1-Surface,0.5,33652.2,26.36,8.33
26/01/2020 1:00,Lake Conjola,CON1,CON1-Surface,0.5,33658.1,26.36,8.33
26/01/2020 1:15,Lake Conjola,CON1,CON1-Surface,0.5,33685,26.38,8.39
26/01/2020 1:30,Lake Conjola,CON1,CON1-Surface,0.5,33676,26.38,8.38
26/01/2020 1:45,Lake Conjola,CON1,CON1-Surface,0.5,33649.2,26.39,8.34
26/01/2020 2:00,Lake Conjola,CON1,CON1-Surface,0.5,33655.2,26.38,8.35
26/01/2020 2:15,Lake Conjola,CON1,CON1-Surface,0.5,33670.1,26.33,8.26
26/01/2020 2:30,Lake Conjola,CON1,CON1-Surface,0.5,33619.4,26.32,8.26
26/01/2020 2:45,Lake Conjola,CON1,CON1-Surface,0.5,33634.3,26.35,8.23
26/01/2020 3:00,Lake Conjola,CON1,CON1-Surface,0.5,33691,26.36,8.24
26/01/2020 3:15,Lake Conjola,CON1,CON1-Surface,0.5,33640.3,26.32,8.12
26/01/2020 3:30,Lake Conjola,CON1,CON1-Surface,0.5,33664.1,26.41,8.27
26/01/2020 3:45,Lake Conjola,CON1,CON1-Surface,0.5,33670.1,26.43,8.3
26/01/2020 4:00,Lake Conjola,CON1,CON1-Surface,0.5,33658.1,26.39,8.21
26/01/2020 4:15,Lake Conjola,CON1,CON1-Surface,0.5,33616.5,26.24,7.66
26/01/2020 4:30,Lake Conjola,CON1,CON1-Surface,0.5,33610.5,26.24,8.07
26/01/2020 4:45,Lake Conjola,CON1,CON1-Surface,0.5,33628.4,26.27,8.08
26/01/2020 5:00,Lake Conjola,CON1,CON1-Surface,0.5,33643.2,26.27,8.07
26/01/2020 5:15,Lake Conjola,CON1,CON1-Surface,0.5,33625.4,26.25,8.05
26/01/2020 5:30,Lake Conjola,CON1,CON1-Surface,0.5,33643.2,26.24,8.03
26/01/2020 5:45,Lake Conjola,CON1,CON1-Surface,0.5,33619.4,26.24,8.02
26/01/2020 6:00,Lake Conjola,CON1,CON1-Surface,0.5,33640.3,26.25,8.05
26/01/2020 6:15,Lake Conjola,CON1,CON1-Surface,0.5,33640.3,26.25,8
26/01/2020 6:30,Lake Conjola,CON1,CON1-Surface,0.5,33631.3,26.25,8.05
26/01/2020 6:45,Lake Conjola,CON1,CON1-Surface,0.5,33619.4,26.24,8.01
26/01/2020 7:00,Lake Conjola,CON1,CON1-Surface,0.5,33625.4,26.24,8.02
26/01/2020 7:15,Lake Conjola,CON1,CON1-Surface,0.5,33640.3,26.24,7.99
26/01/2020 7:30,Lake Conjola,CON1,CON1-Surface,0.5,33628.4,26.25,8
26/01/2020 7:45,Lake Conjola,CON1,CON1-Surface,0.5,33652.2,26.24,8
26/01/2020 8:00,Lake Conjola,CON1,CON1-Surface,0.5,33616.5,26.23,7.91
26/01/2020 8:15,Lake Conjola,CON1,CON1-Surface,0.5,33610.5,26.28,7.23
26/01/2020 8:30,Lake Conjola,CON1,CON1-Surface,0.5,33619.4,26.32,6.5
26/01/2020 8:45,Lake Conjola,CON1,CON1-Surface,0.5,33622.4,26.29,6.86
26/01/2020 9:00,Lake Conjola,CON1,CON1-Surface,0.5,33619.4,26.3,7.36
26/01/2020 9:15,Lake Conjola,CON1,CON1-Surface,0.5,33634.3,26.34,6.8
26/01/2020 9:30,Lake Conjola,CON1,CON1-Surface,0.5,33670.1,26.38,6.98
26/01/2020 9:45,Lake Conjola,CON1,CON1-Surface,0.5,33616.5,26.25,8.11
26/01/2020 10:00,Lake Conjola,CON1,CON1-Surface,0.5,33628.4,26.29,8.11
26/01/2020 10:15,Lake Conjola,CON1,CON1-Surface,0.5,33655.2,26.33,8.13
26/01/2020 10:30,Lake Conjola,CON1,CON1-Surface,0.5,33634.3,26.28,8.21
26/01/2020 10:45,Lake Conjola,CON1,CON1-Surface,0.5,33649.2,26.34,8.22
26/01/2020 11:00,Lake Conjola,CON1,CON1-Surface,0.5,33622.4,26.32,8.3
26/01/2020 11:15,Lake Conjola,CON1,CON1-Surface,0.5,33652.2,26.34,8.34
26/01/2020 11:30,Lake Conjola,CON1,CON1-Surface,0.5,33652.2,26.32,8.35
26/01/2020 11:45,Lake Conjola,CON1,CON1-Surface,0.5,33667.1,26.36,8.38
26/01/2020 12:00,Lake Conjola,CON1,CON1-Surface,0.5,33667.1,26.36,8.41
26/01/2020 12:15,Lake Conjola,CON1,CON1-Surface,0.5,33649.2,26.39,8.4
26/01/2020 12:30,Lake Conjola,CON1,CON1-Surface,0.5,33699.9,26.49,8.48
26/01/2020 12:45,Lake Conjola,CON1,CON1-Surface,0.5,33723.9,26.55,8.1
26/01/2020 13:00,Lake Conjola,CON1,CON1-Surface,0.5,33691,26.55,7.96
26/01/2020 13:15,Lake Conjola,CON1,CON1-Surface,0.5,33679,26.54,8.13
26/01/2020 13:30,Lake Conjola,CON1,CON1-Surface,0.5,33723.9,26.63,7.85
26/01/2020 13:45,Lake Conjola,CON1,CON1-Surface,0.5,33771.9,26.82,8.62
26/01/2020 14:00,Lake Conjola,CON1,CON1-Surface,0.5,33729.9,26.76,8.54
26/01/2020 14:15,Lake Conjola,CON1,CON1-Surface,0.5,33786.9,26.95,8.5
26/01/2020 14:30,Lake Conjola,CON1,CON1-Surface,0.5,33783.9,26.98,8.36
26/01/2020 14:45,Lake Conjola,CON1,CON1-Surface,0.5,33814,27.06,8.52
26/01/2020 15:00,Lake Conjola,CON1,CON1-Surface,0.5,33829,27.16,8.42
26/01/2020 15:15,Lake Conjola,CON1,CON1-Surface,0.5,33789.9,26.98,8.51
26/01/2020 15:30,Lake Conjola,CON1,CON1-Surface,0.5,33874.3,27.24,8.66
26/01/2020 15:45,Lake Conjola,CON1,CON1-Surface,0.5,33983.5,27.93,8.71
26/01/2020 16:00,Lake Conjola,CON1,CON1-Surface,0.5,33995.7,27.9,8.65
26/01/2020 16:15,Lake Conjola,CON1,CON1-Surface,0.5,34056.7,28.09,8.69
26/01/2020 16:30,Lake Conjola,CON1,CON1-Surface,0.5,34017,27.92,8.64
26/01/2020 16:45,Lake Conjola,CON1,CON1-Surface,0.5,34029.2,27.94,8.59
26/01/2020 17:00,Lake Conjola,CON1,CON1-Surface,0.5,33995.7,27.88,8.59
26/01/2020 17:15,Lake Conjola,CON1,CON1-Surface,0.5,33974.4,27.77,8.65
26/01/2020 17:30,Lake Conjola,CON1,CON1-Surface,0.5,33998.7,27.83,8.6
26/01/2020 17:45,Lake Conjola,CON1,CON1-Surface,0.5,33956.1,27.62,8.66
26/01/2020 18:00,Lake Conjola,CON1,CON1-Surface,0.5,33916.7,27.55,8.66
26/01/2020 18:15,Lake Conjola,CON1,CON1-Surface,0.5,33940.9,27.6,8.66
26/01/2020 18:30,Lake Conjola,CON1,CON1-Surface,0.5,33953.1,27.65,8.65
26/01/2020 18:45,Lake Conjola,CON1,CON1-Surface,0.5,34004.8,27.77,8.71
26/01/2020 19:00,Lake Conjola,CON1,CON1-Surface,0.5,33995.7,27.79,8.75
26/01/2020 19:15,Lake Conjola,CON1,CON1-Surface,0.5,33962.2,27.78,8.81
26/01/2020 19:30,Lake Conjola,CON1,CON1-Surface,0.5,33971.3,27.81,8.81
26/01/2020 19:45,Lake Conjola,CON1,CON1-Surface,0.5,33971.3,27.76,8.71
26/01/2020 20:00,Lake Conjola,CON1,CON1-Surface,0.5,33944,27.61,8.74
26/01/2020 20:15,Lake Conjola,CON1,CON1-Surface,0.5,33931.8,27.64,8.8
26/01/2020 20:30,Lake Conjola,CON1,CON1-Surface,0.5,33959.2,27.67,8.79
26/01/2020 20:45,Lake Conjola,CON1,CON1-Surface,0.5,33904.6,27.49,8.72
26/01/2020 21:00,Lake Conjola,CON1,CON1-Surface,0.5,33934.9,27.55,8.67
26/01/2020 21:15,Lake Conjola,CON1,CON1-Surface,0.5,33956.1,27.59,8.65
26/01/2020 21:30,Lake Conjola,CON1,CON1-Surface,0.5,33922.7,27.56,8.64
26/01/2020 21:45,Lake Conjola,CON1,CON1-Surface,0.5,33922.7,27.57,8.65
26/01/2020 22:00,Lake Conjola,CON1,CON1-Surface,0.5,33916.7,27.55,8.61
26/01/2020 22:15,Lake Conjola,CON1,CON1-Surface,0.5,33832,27.2,8.45
26/01/2020 22:30,Lake Conjola,CON1,CON1-Surface,0.5,33817,27.2,8.48
26/01/2020 22:45,Lake Conjola,CON1,CON1-Surface,0.5,33835.1,27.17,8.44
26/01/2020 23:00,Lake Conjola,CON1,CON1-Surface,0.5,33835.1,27.15,8.44
26/01/2020 23:15,Lake Conjola,CON1,CON1-Surface,0.5,33801.9,27.09,8.48
26/01/2020 23:30,Lake Conjola,CON1,CON1-Surface,0.5,33756.8,26.93,8.49
26/01/2020 23:45,Lake Conjola,CON1,CON1-Surface,0.5,33771.9,26.99,8.48
27/01/2020 0:00,Lake Conjola,CON1,CON1-Surface,0.5,33780.9,26.99,8.32
27/01/2020 0:15,Lake Conjola,CON1,CON1-Surface,0.5,33723.9,26.84,8.41
27/01/2020 0:30,Lake Conjola,CON1,CON1-Surface,0.5,33699.9,26.73,7.97
27/01/2020 0:45,Lake Conjola,CON1,CON1-Surface,0.5,33729.9,26.82,8.09
27/01/2020 1:00,Lake Conjola,CON1,CON1-Surface,0.5,33714.9,26.66,8.3
27/01/2020 1:15,Lake Conjola,CON1,CON1-Surface,0.5,33741.9,26.76,8.22
27/01/2020 1:30,Lake Conjola,CON1,CON1-Surface,0.5,33753.8,26.85,8.22
27/01/2020 1:45,Lake Conjola,CON1,CON1-Surface,0.5,33786.9,26.88,7.94
27/01/2020 2:00,Lake Conjola,CON1,CON1-Surface,0.5,33771.9,27.06,7.31
27/01/2020 2:15,Lake Conjola,CON1,CON1-Surface,0.5,33789.9,26.95,7.38
27/01/2020 2:30,Lake Conjola,CON1,CON1-Surface,0.5,33753.8,26.98,7.41
27/01/2020 2:45,Lake Conjola,CON1,CON1-Surface,0.5,33780.9,26.98,7.46
27/01/2020 3:00,Lake Conjola,CON1,CON1-Surface,0.5,33786.9,26.96,7.51
27/01/2020 3:15,Lake Conjola,CON1,CON1-Surface,0.5,33774.9,26.96,7.34
27/01/2020 3:30,Lake Conjola,CON1,CON1-Surface,0.5,33771.9,26.94,7.92
27/01/2020 3:45,Lake Conjola,CON1,CON1-Surface,0.5,33768.9,26.94,7.59
27/01/2020 4:00,Lake Conjola,CON1,CON1-Surface,0.5,33753.8,26.9,7.78
27/01/2020 4:15,Lake Conjola,CON1,CON1-Surface,0.5,33756.8,26.89,7.55
27/01/2020 4:30,Lake Conjola,CON1,CON1-Surface,0.5,33735.9,26.88,7.75
27/01/2020 4:45,Lake Conjola,CON1,CON1-Surface,0.5,33789.9,26.88,7.86
27/01/2020 5:00,Lake Conjola,CON1,CON1-Surface,0.5,33738.9,26.87,7.78
27/01/2020 5:15,Lake Conjola,CON1,CON1-Surface,0.5,33720.9,26.84,7.83
27/01/2020 5:30,Lake Conjola,CON1,CON1-Surface,0.5,33759.8,26.83,7.73
27/01/2020 5:45,Lake Conjola,CON1,CON1-Surface,0.5,33726.9,26.82,7.82
27/01/2020 6:00,Lake Conjola,CON1,CON1-Surface,0.5,33726.9,26.82,7.77
27/01/2020 6:15,Lake Conjola,CON1,CON1-Surface,0.5,33753.8,26.8,7.74
27/01/2020 6:30,Lake Conjola,CON1,CON1-Surface,0.5,33741.9,26.8,7.67
27/01/2020 6:45,Lake Conjola,CON1,CON1-Surface,0.5,33711.9,26.79,7.69
27/01/2020 7:00,Lake Conjola,CON1,CON1-Surface,0.5,33720.9,26.77,7.63
27/01/2020 7:15,Lake Conjola,CON1,CON1-Surface,0.5,33705.9,26.78,7.61
27/01/2020 7:30,Lake Conjola,CON1,CON1-Surface,0.5,33729.9,26.78,7.54
27/01/2020 7:45,Lake Conjola,CON1,CON1-Surface,0.5,33720.9,26.77,7.51
27/01/2020 8:00,Lake Conjola,CON1,CON1-Surface,0.5,33741.9,26.76,7.51
27/01/2020 8:15,Lake Conjola,CON1,CON1-Surface,0.5,33741.9,26.74,7.57
27/01/2020 8:30,Lake Conjola,CON1,CON1-Surface,0.5,33738.9,26.74,7.54
27/01/2020 8:45,Lake Conjola,CON1,CON1-Surface,0.5,33732.9,26.74,7.47
27/01/2020 9:00,Lake Conjola,CON1,CON1-Surface,0.5,33714.9,26.72,7.52
27/01/2020 9:15,Lake Conjola,CON1,CON1-Surface,0.5,33726.9,26.72,7.46
27/01/2020 9:30,Lake Conjola,CON1,CON1-Surface,0.5,33714.9,26.72,7.52
27/01/2020 9:45,Lake Conjola,CON1,CON1-Surface,0.5,33729.9,26.72,7.47
27/01/2020 10:00,Lake Conjola,CON1,CON1-Surface,0.5,33697,26.72,7.47
27/01/2020 10:15,Lake Conjola,CON1,CON1-Surface,0.5,33705.9,26.72,7.57
27/01/2020 10:30,Lake Conjola,CON1,CON1-Surface,0.5,33741.9,26.72,7.61
27/01/2020 10:45,Lake Conjola,CON1,CON1-Surface,0.5,33714.9,26.72,7.78
27/01/2020 11:00,Lake Conjola,CON1,CON1-Surface,0.5,33708.9,26.72,7.82
27/01/2020 11:15,Lake Conjola,CON1,CON1-Surface,0.5,33738.9,26.73,7.72
27/01/2020 11:30,Lake Conjola,CON1,CON1-Surface,0.5,33726.9,26.73,7.76
27/01/2020 11:45,Lake Conjola,CON1,CON1-Surface,0.5,33682,26.74,7.71
27/01/2020 12:00,Lake Conjola,CON1,CON1-Surface,0.5,33738.9,26.76,7.85
27/01/2020 12:15,Lake Conjola,CON1,CON1-Surface,0.5,33762.9,26.77,7.9
27/01/2020 12:30,Lake Conjola,CON1,CON1-Surface,0.5,33732.9,26.78,7.77
27/01/2020 12:45,Lake Conjola,CON1,CON1-Surface,0.5,33744.9,26.77,7.88
27/01/2020 13:00,Lake Conjola,CON1,CON1-Surface,0.5,33714.9,26.74,7.96
27/01/2020 13:15,Lake Conjola,CON1,CON1-Surface,0.5,33741.9,26.77,8.33
27/01/2020 13:30,Lake Conjola,CON1,CON1-Surface,0.5,33735.9,26.93,8.11
27/01/2020 13:45,Lake Conjola,CON1,CON1-Surface,0.5,33744.9,26.94,8.35
27/01/2020 14:00,Lake Conjola,CON1,CON1-Surface,0.5,33756.8,26.91,8.37
27/01/2020 14:15,Lake Conjola,CON1,CON1-Surface,0.5,33759.8,27,8.34
27/01/2020 14:30,Lake Conjola,CON1,CON1-Surface,0.5,33804.9,27,8.22
27/01/2020 14:45,Lake Conjola,CON1,CON1-Surface,0.5,33786.9,27.04,7.84
27/01/2020 15:00,Lake Conjola,CON1,CON1-Surface,0.5,33771.9,27.04,8.26
27/01/2020 15:15,Lake Conjola,CON1,CON1-Surface,0.5,33841.1,27.11,8.31
27/01/2020 15:30,Lake Conjola,CON1,CON1-Surface,0.5,33744.9,26.98,7.72
27/01/2020 15:45,Lake Conjola,CON1,CON1-Surface,0.5,33789.9,27.15,8.26
27/01/2020 16:00,Lake Conjola,CON1,CON1-Surface,0.5,33841.1,27.18,7.76
27/01/2020 16:15,Lake Conjola,CON1,CON1-Surface,0.5,33820,27.2,8.27
27/01/2020 16:30,Lake Conjola,CON1,CON1-Surface,0.5,33829,27.23,8.5
27/01/2020 16:45,Lake Conjola,CON1,CON1-Surface,0.5,33865.2,27.31,8.52
27/01/2020 17:00,Lake Conjola,CON1,CON1-Surface,0.5,33865.2,27.34,8.44
27/01/2020 17:15,Lake Conjola,CON1,CON1-Surface,0.5,33847.1,27.34,8.44
27/01/2020 17:30,Lake Conjola,CON1,CON1-Surface,0.5,33832,27.33,8.41
27/01/2020 17:45,Lake Conjola,CON1,CON1-Surface,0.5,33832,27.29,8.38
27/01/2020 18:00,Lake Conjola,CON1,CON1-Surface,0.5,33823,27.38,8.44
27/01/2020 18:15,Lake Conjola,CON1,CON1-Surface,0.5,33889.4,27.42,8.47
27/01/2020 18:30,Lake Conjola,CON1,CON1-Surface,0.5,33874.3,27.45,8.44
27/01/2020 18:45,Lake Conjola,CON1,CON1-Surface,0.5,33950.1,27.67,8.69
27/01/2020 19:00,Lake Conjola,CON1,CON1-Surface,0.5,33862.2,27.51,8.57
27/01/2020 19:15,Lake Conjola,CON1,CON1-Surface,0.5,33898.5,27.56,8.59
27/01/2020 19:30,Lake Conjola,CON1,CON1-Surface,0.5,33847.1,27.38,8.09
27/01/2020 19:45,Lake Conjola,CON1,CON1-Surface,0.5,33889.4,27.43,8.16
27/01/2020 20:00,Lake Conjola,CON1,CON1-Surface,0.5,33856.2,27.46,8.19
27/01/2020 20:15,Lake Conjola,CON1,CON1-Surface,0.5,33844.1,27.38,8.19
27/01/2020 20:30,Lake Conjola,CON1,CON1-Surface,0.5,33829,27.32,8.27
27/01/2020 20:45,Lake Conjola,CON1,CON1-Surface,0.5,33850.1,27.28,8.11
27/01/2020 21:00,Lake Conjola,CON1,CON1-Surface,0.5,33856.2,27.29,8.2
27/01/2020 21:15,Lake Conjola,CON1,CON1-Surface,0.5,33792.9,27.18,8.04
27/01/2020 21:30,Lake Conjola,CON1,CON1-Surface,0.5,33829,27.2,8.04
27/01/2020 21:45,Lake Conjola,CON1,CON1-Surface,0.5,33829,27.21,8.03
27/01/2020 22:00,Lake Conjola,CON1,CON1-Surface,0.5,33817,27.17,8.12
27/01/2020 22:15,Lake Conjola,CON1,CON1-Surface,0.5,33795.9,27.13,8.21
27/01/2020 22:30,Lake Conjola,CON1,CON1-Surface,0.5,33817,27.15,8.22
27/01/2020 22:45,Lake Conjola,CON1,CON1-Surface,0.5,33801.9,27.16,8.24
27/01/2020 23:00,Lake Conjola,CON1,CON1-Surface,0.5,33814,27.18,8.24
27/01/2020 23:15,Lake Conjola,CON1,CON1-Surface,0.5,33823,27.18,8.23
27/01/2020 23:30,Lake Conjola,CON1,CON1-Surface,0.5,33795.9,27.2,8.23
27/01/2020 23:45,Lake Conjola,CON1,CON1-Surface,0.5,33801.9,27.17,8.15
28/01/2020 0:00,Lake Conjola,CON1,CON1-Surface,0.5,33738.9,26.95,7.63
28/01/2020 0:15,Lake Conjola,CON1,CON1-Surface,0.5,33738.9,26.88,7.99
28/01/2020 0:30,Lake Conjola,CON1,CON1-Surface,0.5,33741.9,26.96,7.99
28/01/2020 0:45,Lake Conjola,CON1,CON1-Surface,0.5,33780.9,27.07,7.84
28/01/2020 1:00,Lake Conjola,CON1,CON1-Surface,0.5,33720.9,27.02,7.5
28/01/2020 1:15,Lake Conjola,CON1,CON1-Surface,0.5,33750.8,27,7.49
28/01/2020 1:30,Lake Conjola,CON1,CON1-Surface,0.5,33741.9,27,7.43
28/01/2020 1:45,Lake Conjola,CON1,CON1-Surface,0.5,33732.9,27.04,7.06
28/01/2020 2:00,Lake Conjola,CON1,CON1-Surface,0.5,33753.8,27.05,7.74
28/01/2020 2:15,Lake Conjola,CON1,CON1-Surface,0.5,33747.8,27.01,7.42
28/01/2020 2:30,Lake Conjola,CON1,CON1-Surface,0.5,33786.9,27.11,7.54
28/01/2020 2:45,Lake Conjola,CON1,CON1-Surface,0.5,33750.8,27.1,7.44
28/01/2020 3:00,Lake Conjola,CON1,CON1-Surface,0.5,33804.9,27.1,7.35
28/01/2020 3:15,Lake Conjola,CON1,CON1-Surface,0.5,33780.9,27.09,7.5
28/01/2020 3:30,Lake Conjola,CON1,CON1-Surface,0.5,33762.9,27.09,7.7
28/01/2020 3:45,Lake Conjola,CON1,CON1-Surface,0.5,33750.8,27.09,7.34
28/01/2020 4:00,Lake Conjola,CON1,CON1-Surface,0.5,33783.9,27.07,7.23
28/01/2020 4:15,Lake Conjola,CON1,CON1-Surface,0.5,33717.9,27.07,7.39
28/01/2020 4:30,Lake Conjola,CON1,CON1-Surface,0.5,33753.8,27.04,7.29
28/01/2020 4:45,Lake Conjola,CON1,CON1-Surface,0.5,33735.9,27.05,7.29
28/01/2020 5:00,Lake Conjola,CON1,CON1-Surface,0.5,33756.8,27.07,7.42
28/01/2020 5:15,Lake Conjola,CON1,CON1-Surface,0.5,33747.8,27.07,7.56
28/01/2020 5:30,Lake Conjola,CON1,CON1-Surface,0.5,33783.9,27.07,7.67
28/01/2020 5:45,Lake Conjola,CON1,CON1-Surface,0.5,33771.9,27.07,7.71
28/01/2020 6:00,Lake Conjola,CON1,CON1-Surface,0.5,33735.9,27.07,7.55
28/01/2020 6:15,Lake Conjola,CON1,CON1-Surface,0.5,33753.8,27.05,7.33
28/01/2020 6:30,Lake Conjola,CON1,CON1-Surface,0.5,33643.2,27,7.17
28/01/2020 6:45,Lake Conjola,CON1,CON1-Surface,0.5,33732.9,26.99,7.47
28/01/2020 7:00,Lake Conjola,CON1,CON1-Surface,0.5,33732.9,26.99,7.34
28/01/2020 7:15,Lake Conjola,CON1,CON1-Surface,0.5,33705.9,26.96,7.61
28/01/2020 7:30,Lake Conjola,CON1,CON1-Surface,0.5,33694,26.98,7.63
28/01/2020 7:45,Lake Conjola,CON1,CON1-Surface,0.5,33697,26.96,7.49
28/01/2020 8:00,Lake Conjola,CON1,CON1-Surface,0.5,33688,26.96,6.84
28/01/2020 8:15,Lake Conjola,CON1,CON1-Surface,0.5,33717.9,26.99,6.84
28/01/2020 8:30,Lake Conjola,CON1,CON1-Surface,0.5,33708.9,27.01,6.91
28/01/2020 8:45,Lake Conjola,CON1,CON1-Surface,0.5,33705.9,27.05,6.92
28/01/2020 9:00,Lake Conjola,CON1,CON1-Surface,0.5,33753.8,27.05,6.97
28/01/2020 9:15,Lake Conjola,CON1,CON1-Surface,0.5,33735.9,27.07,7.21
28/01/2020 9:30,Lake Conjola,CON1,CON1-Surface,0.5,33729.9,27.09,7.33
28/01/2020 9:45,Lake Conjola,CON1,CON1-Surface,0.5,33750.8,27.09,7.24
28/01/2020 10:00,Lake Conjola,CON1,CON1-Surface,0.5,33691,27.04,7.69
28/01/2020 10:15,Lake Conjola,CON1,CON1-Surface,0.5,33720.9,27.04,8.02
28/01/2020 10:30,Lake Conjola,CON1,CON1-Surface,0.5,33738.9,27.06,8.05
28/01/2020 10:45,Lake Conjola,CON1,CON1-Surface,0.5,33741.9,27.1,7.64
28/01/2020 11:00,Lake Conjola,CON1,CON1-Surface,0.5,33780.9,27.09,8.02
28/01/2020 11:15,Lake Conjola,CON1,CON1-Surface,0.5,33735.9,27.07,7.69
28/01/2020 11:30,Lake Conjola,CON1,CON1-Surface,0.5,33750.8,27.09,7.77
28/01/2020 11:45,Lake Conjola,CON1,CON1-Surface,0.5,33738.9,27.06,7.3
28/01/2020 12:00,Lake Conjola,CON1,CON1-Surface,0.5,33756.8,27.07,7.96
28/01/2020 12:15,Lake Conjola,CON1,CON1-Surface,0.5,33756.8,27.12,8.09
28/01/2020 12:30,Lake Conjola,CON1,CON1-Surface,0.5,33801.9,27.12,8.17
28/01/2020 12:45,Lake Conjola,CON1,CON1-Surface,0.5,33765.9,27.1,8.24
28/01/2020 13:00,Lake Conjola,CON1,CON1-Surface,0.5,33762.9,27.16,8.01
28/01/2020 13:15,Lake Conjola,CON1,CON1-Surface,0.5,33783.9,27.15,8.21
28/01/2020 13:30,Lake Conjola,CON1,CON1-Surface,0.5,33841.1,27.21,8.16
28/01/2020 13:45,Lake Conjola,CON1,CON1-Surface,0.5,33814,27.23,8.17
28/01/2020 14:00,Lake Conjola,CON1,CON1-Surface,0.5,33804.9,27.22,8.24
28/01/2020 14:15,Lake Conjola,CON1,CON1-Surface,0.5,33795.9,27.21,8.24
28/01/2020 14:30,Lake Conjola,CON1,CON1-Surface,0.5,33792.9,27.23,8.27
28/01/2020 14:45,Lake Conjola,CON1,CON1-Surface,0.5,33780.9,27.23,8.2
28/01/2020 15:00,Lake Conjola,CON1,CON1-Surface,0.5,33817,27.26,8.2
28/01/2020 15:15,Lake Conjola,CON1,CON1-Surface,0.5,33817,27.2,8.31
28/01/2020 15:30,Lake Conjola,CON1,CON1-Surface,0.5,33783.9,27.21,8.34
28/01/2020 15:45,Lake Conjola,CON1,CON1-Surface,0.5,33780.9,27.21,8.27
28/01/2020 16:00,Lake Conjola,CON1,CON1-Surface,0.5,33786.9,27.18,8.25
28/01/2020 16:15,Lake Conjola,CON1,CON1-Surface,0.5,33786.9,27.22,8.2
28/01/2020 16:30,Lake Conjola,CON1,CON1-Surface,0.5,33765.9,27.2,8.27
28/01/2020 16:45,Lake Conjola,CON1,CON1-Surface,0.5,33744.9,27.17,8.28
28/01/2020 17:00,Lake Conjola,CON1,CON1-Surface,0.5,33753.8,27.17,8.33
28/01/2020 17:15,Lake Conjola,CON1,CON1-Surface,0.5,33771.9,27.18,8.36
28/01/2020 17:30,Lake Conjola,CON1,CON1-Surface,0.5,33786.9,27.17,8.31
28/01/2020 17:45,Lake Conjola,CON1,CON1-Surface,0.5,33768.9,27.16,8.27
28/01/2020 18:00,Lake Conjola,CON1,CON1-Surface,0.5,33640.3,27.12,8.15
28/01/2020 18:15,Lake Conjola,CON1,CON1-Surface,0.5,33756.8,27.12,7.96
28/01/2020 18:30,Lake Conjola,CON1,CON1-Surface,0.5,33738.9,27.11,8.11
28/01/2020 18:45,Lake Conjola,CON1,CON1-Surface,0.5,33720.9,27.09,7.77
28/01/2020 19:00,Lake Conjola,CON1,CON1-Surface,0.5,33723.9,27.05,7.96
28/01/2020 19:15,Lake Conjola,CON1,CON1-Surface,0.5,33699.9,26.99,7.95
28/01/2020 19:30,Lake Conjola,CON1,CON1-Surface,0.5,33726.9,26.98,7.96
28/01/2020 19:45,Lake Conjola,CON1,CON1-Surface,0.5,33735.9,27,7.96
28/01/2020 20:00,Lake Conjola,CON1,CON1-Surface,0.5,33723.9,26.99,7.91
28/01/2020 20:15,Lake Conjola,CON1,CON1-Surface,0.5,33720.9,27.07,7.96
28/01/2020 20:30,Lake Conjola,CON1,CON1-Surface,0.5,33753.8,27.06,7.94
28/01/2020 20:45,Lake Conjola,CON1,CON1-Surface,0.5,33720.9,27.06,7.91
28/01/2020 21:00,Lake Conjola,CON1,CON1-Surface,0.5,33705.9,27.07,7.89
28/01/2020 21:15,Lake Conjola,CON1,CON1-Surface,0.5,33723.9,27.05,7.38
28/01/2020 21:30,Lake Conjola,CON1,CON1-Surface,0.5,33652.2,27.02,6.69
28/01/2020 21:45,Lake Conjola,CON1,CON1-Surface,0.5,33646.2,27.01,6.89
28/01/2020 22:00,Lake Conjola,CON1,CON1-Surface,0.5,33705.9,27.01,7
28/01/2020 22:15,Lake Conjola,CON1,CON1-Surface,0.5,33655.2,26.98,7.29
28/01/2020 22:30,Lake Conjola,CON1,CON1-Surface,0.5,33685,26.96,7.39
28/01/2020 22:45,Lake Conjola,CON1,CON1-Surface,0.5,33652.2,26.98,7.38
28/01/2020 23:00,Lake Conjola,CON1,CON1-Surface,0.5,33664.1,26.99,7.15
28/01/2020 23:15,Lake Conjola,CON1,CON1-Surface,0.5,33664.1,26.98,7.54
28/01/2020 23:30,Lake Conjola,CON1,CON1-Surface,0.5,33720.9,26.98,7.47
28/01/2020 23:45,Lake Conjola,CON1,CON1-Surface,0.5,33685,26.99,7.78
29/01/2020 0:00,Lake Conjola,CON1,CON1-Surface,0.5,33688,26.98,7.41
29/01/2020 0:15,Lake Conjola,CON1,CON1-Surface,0.5,33664.1,26.98,7.61
29/01/2020 0:30,Lake Conjola,CON1,CON1-Surface,0.5,33676,26.95,7.27
29/01/2020 0:45,Lake Conjola,CON1,CON1-Surface,0.5,33646.2,26.95,7.37
29/01/2020 1:00,Lake Conjola,CON1,CON1-Surface,0.5,33613.5,26.94,7.42
29/01/2020 1:15,Lake Conjola,CON1,CON1-Surface,0.5,33637.3,26.93,7.26
29/01/2020 1:30,Lake Conjola,CON1,CON1-Surface,0.5,33643.2,26.91,7.17
29/01/2020 1:45,Lake Conjola,CON1,CON1-Surface,0.5,33658.1,26.91,7.11
29/01/2020 2:00,Lake Conjola,CON1,CON1-Surface,0.5,33616.5,26.89,7.3
29/01/2020 2:15,Lake Conjola,CON1,CON1-Surface,0.5,33616.5,26.89,7.3
29/01/2020 2:30,Lake Conjola,CON1,CON1-Surface,0.5,33598.6,26.87,7.32
29/01/2020 2:45,Lake Conjola,CON1,CON1-Surface,0.5,33598.6,26.85,7.33
29/01/2020 3:00,Lake Conjola,CON1,CON1-Surface,0.5,33595.7,26.84,7.17
29/01/2020 3:15,Lake Conjola,CON1,CON1-Surface,0.5,33598.6,26.83,7.03
29/01/2020 3:30,Lake Conjola,CON1,CON1-Surface,0.5,33610.5,26.83,7.05
29/01/2020 3:45,Lake Conjola,CON1,CON1-Surface,0.5,33569,26.8,7.04
29/01/2020 4:00,Lake Conjola,CON1,CON1-Surface,0.5,33577.9,26.79,7.22
29/01/2020 4:15,Lake Conjola,CON1,CON1-Surface,0.5,33577.9,26.8,7.36
29/01/2020 4:30,Lake Conjola,CON1,CON1-Surface,0.5,33566,26.8,7.39
29/01/2020 4:45,Lake Conjola,CON1,CON1-Surface,0.5,33545.3,26.8,7.39
29/01/2020 5:00,Lake Conjola,CON1,CON1-Surface,0.5,33554.1,26.79,7.35
29/01/2020 5:15,Lake Conjola,CON1,CON1-Surface,0.5,33515.7,26.78,7.35
29/01/2020 5:30,Lake Conjola,CON1,CON1-Surface,0.5,33566,26.78,7.32
29/01/2020 5:45,Lake Conjola,CON1,CON1-Surface,0.5,33539.3,26.76,7.36
29/01/2020 6:00,Lake Conjola,CON1,CON1-Surface,0.5,33524.6,26.76,7.34
29/01/2020 6:15,Lake Conjola,CON1,CON1-Surface,0.5,33542.3,26.74,7.37
29/01/2020 6:30,Lake Conjola,CON1,CON1-Surface,0.5,33548.2,26.73,7.35
29/01/2020 6:45,Lake Conjola,CON1,CON1-Surface,0.5,33536.4,26.72,7.35
29/01/2020 7:00,Lake Conjola,CON1,CON1-Surface,0.5,33569,26.71,7.33
29/01/2020 7:15,Lake Conjola,CON1,CON1-Surface,0.5,33560.1,26.71,7.36
29/01/2020 7:30,Lake Conjola,CON1,CON1-Surface,0.5,33524.6,26.69,7.32
29/01/2020 7:45,Lake Conjola,CON1,CON1-Surface,0.5,33554.1,26.69,7.36
29/01/2020 8:00,Lake Conjola,CON1,CON1-Surface,0.5,33542.3,26.69,7.35
29/01/2020 8:15,Lake Conjola,CON1,CON1-Surface,0.5,33557.1,26.69,7.42
29/01/2020 8:30,Lake Conjola,CON1,CON1-Surface,0.5,33586.8,26.72,7.4
29/01/2020 8:45,Lake Conjola,CON1,CON1-Surface,0.5,33536.4,26.72,7.44
29/01/2020 9:00,Lake Conjola,CON1,CON1-Surface,0.5,33557.1,26.73,7.51
29/01/2020 9:15,Lake Conjola,CON1,CON1-Surface,0.5,33560.1,26.72,7.62
29/01/2020 9:30,Lake Conjola,CON1,CON1-Surface,0.5,33530.5,26.72,7.64
29/01/2020 9:45,Lake Conjola,CON1,CON1-Surface,0.5,33604.6,26.76,7.68
29/01/2020 10:00,Lake Conjola,CON1,CON1-Surface,0.5,33595.7,26.77,7.74
29/01/2020 10:15,Lake Conjola,CON1,CON1-Surface,0.5,33628.4,26.78,7.6
29/01/2020 10:30,Lake Conjola,CON1,CON1-Surface,0.5,33610.5,26.76,7.7
29/01/2020 10:45,Lake Conjola,CON1,CON1-Surface,0.5,33646.2,26.77,7.69
29/01/2020 11:00,Lake Conjola,CON1,CON1-Surface,0.5,33625.4,26.77,7.69
29/01/2020 11:15,Lake Conjola,CON1,CON1-Surface,0.5,33616.5,26.78,7.69
29/01/2020 11:30,Lake Conjola,CON1,CON1-Surface,0.5,33667.1,26.88,7.69
29/01/2020 11:45,Lake Conjola,CON1,CON1-Surface,0.5,33694,26.93,7.82
29/01/2020 12:00,Lake Conjola,CON1,CON1-Surface,0.5,33714.9,26.98,7.88
29/01/2020 12:15,Lake Conjola,CON1,CON1-Surface,0.5,33714.9,27.06,7.92
29/01/2020 12:30,Lake Conjola,CON1,CON1-Surface,0.5,33747.8,27.07,7.94
29/01/2020 12:45,Lake Conjola,CON1,CON1-Surface,0.5,33762.9,27.11,7.95
29/01/2020 13:00,Lake Conjola,CON1,CON1-Surface,0.5,33738.9,27.1,7.99
29/01/2020 13:15,Lake Conjola,CON1,CON1-Surface,0.5,33732.9,27.17,8.05
29/01/2020 13:30,Lake Conjola,CON1,CON1-Surface,0.5,33750.8,27.26,8.05
29/01/2020 13:45,Lake Conjola,CON1,CON1-Surface,0.5,33750.8,27.22,7.89
29/01/2020 14:00,Lake Conjola,CON1,CON1-Surface,0.5,33747.8,27.22,7.87
29/01/2020 14:15,Lake Conjola,CON1,CON1-Surface,0.5,33753.8,27.23,7.83
29/01/2020 14:30,Lake Conjola,CON1,CON1-Surface,0.5,33747.8,27.26,8.14
29/01/2020 14:45,Lake Conjola,CON1,CON1-Surface,0.5,33756.8,27.33,8.26
29/01/2020 15:00,Lake Conjola,CON1,CON1-Surface,0.5,33847.1,27.39,8.31
29/01/2020 15:15,Lake Conjola,CON1,CON1-Surface,0.5,33823,27.44,8.37
29/01/2020 15:30,Lake Conjola,CON1,CON1-Surface,0.5,33850.1,27.45,8.38
29/01/2020 15:45,Lake Conjola,CON1,CON1-Surface,0.5,33829,27.45,8.4
29/01/2020 16:00,Lake Conjola,CON1,CON1-Surface,0.5,33883.4,27.49,8.35
29/01/2020 16:15,Lake Conjola,CON1,CON1-Surface,0.5,33868.3,27.54,8.31
29/01/2020 16:30,Lake Conjola,CON1,CON1-Surface,0.5,33910.6,27.57,8.24
29/01/2020 16:45,Lake Conjola,CON1,CON1-Surface,0.5,33913.6,27.72,8.23
29/01/2020 17:00,Lake Conjola,CON1,CON1-Surface,0.5,33916.7,27.75,8.42
29/01/2020 17:15,Lake Conjola,CON1,CON1-Surface,0.5,33959.2,27.82,8.37
29/01/2020 17:30,Lake Conjola,CON1,CON1-Surface,0.5,33956.1,27.78,8.34
29/01/2020 17:45,Lake Conjola,CON1,CON1-Surface,0.5,33937.9,27.65,8.39
29/01/2020 18:00,Lake Conjola,CON1,CON1-Surface,0.5,33944,27.66,8.12
29/01/2020 18:15,Lake Conjola,CON1,CON1-Surface,0.5,33962.2,27.73,8.32
29/01/2020 18:30,Lake Conjola,CON1,CON1-Surface,0.5,34001.8,27.66,8.22
29/01/2020 18:45,Lake Conjola,CON1,CON1-Surface,0.5,33928.8,27.61,8.42
29/01/2020 19:00,Lake Conjola,CON1,CON1-Surface,0.5,33907.6,27.61,8.49
29/01/2020 19:15,Lake Conjola,CON1,CON1-Surface,0.5,33968.3,27.59,8.47
29/01/2020 19:30,Lake Conjola,CON1,CON1-Surface,0.5,33971.3,27.53,8.58
29/01/2020 19:45,Lake Conjola,CON1,CON1-Surface,0.5,33940.9,27.49,8.58
29/01/2020 20:00,Lake Conjola,CON1,CON1-Surface,0.5,33838.1,27.46,8.39
29/01/2020 20:15,Lake Conjola,CON1,CON1-Surface,0.5,33792.9,27.48,8.25
29/01/2020 20:30,Lake Conjola,CON1,CON1-Surface,0.5,33962.2,27.42,8.46
29/01/2020 20:45,Lake Conjola,CON1,CON1-Surface,0.5,33965.2,27.4,8.4
29/01/2020 21:00,Lake Conjola,CON1,CON1-Surface,0.5,33953.1,27.4,8.36
29/01/2020 21:15,Lake Conjola,CON1,CON1-Surface,0.5,33965.2,27.42,8.25
29/01/2020 21:30,Lake Conjola,CON1,CON1-Surface,0.5,33980.5,27.42,8.21
29/01/2020 21:45,Lake Conjola,CON1,CON1-Surface,0.5,34007.9,27.46,8.09
29/01/2020 22:00,Lake Conjola,CON1,CON1-Surface,0.5,33992.6,27.44,8.13
29/01/2020 22:15,Lake Conjola,CON1,CON1-Surface,0.5,34032.3,27.42,8.12
29/01/2020 22:30,Lake Conjola,CON1,CON1-Surface,0.5,34026.2,27.49,8.03
29/01/2020 22:45,Lake Conjola,CON1,CON1-Surface,0.5,33910.6,27.49,7.86
29/01/2020 23:00,Lake Conjola,CON1,CON1-Surface,0.5,33980.5,27.44,7.63
29/01/2020 23:15,Lake Conjola,CON1,CON1-Surface,0.5,34004.8,27.46,7.74
29/01/2020 23:30,Lake Conjola,CON1,CON1-Surface,0.5,34001.8,27.45,8.05
29/01/2020 23:45,Lake Conjola,CON1,CON1-Surface,0.5,33983.5,27.44,7.82
30/01/2020 0:00,Lake Conjola,CON1,CON1-Surface,0.5,34044.5,27.45,7.86
30/01/2020 0:15,Lake Conjola,CON1,CON1-Surface,0.5,33998.7,27.42,7.67
30/01/2020 0:30,Lake Conjola,CON1,CON1-Surface,0.5,34068.9,27.42,7.52
30/01/2020 0:45,Lake Conjola,CON1,CON1-Surface,0.5,34038.4,27.43,7.65
30/01/2020 1:00,Lake Conjola,CON1,CON1-Surface,0.5,34020.1,27.4,7.54
30/01/2020 1:15,Lake Conjola,CON1,CON1-Surface,0.5,34090.4,27.39,7.63
30/01/2020 1:30,Lake Conjola,CON1,CON1-Surface,0.5,34105.7,27.35,7.72
30/01/2020 1:45,Lake Conjola,CON1,CON1-Surface,0.5,34090.4,27.33,7.65
30/01/2020 2:00,Lake Conjola,CON1,CON1-Surface,0.5,34047.5,27.31,7.76
30/01/2020 2:15,Lake Conjola,CON1,CON1-Surface,0.5,34068.9,27.29,7.82
30/01/2020 2:30,Lake Conjola,CON1,CON1-Surface,0.5,34062.8,27.28,7.54
30/01/2020 2:45,Lake Conjola,CON1,CON1-Surface,0.5,34075.1,27.26,7.65
30/01/2020 3:00,Lake Conjola,CON1,CON1-Surface,0.5,34038.4,27.24,7.7
30/01/2020 3:15,Lake Conjola,CON1,CON1-Surface,0.5,34041.4,27.22,7.67
30/01/2020 3:30,Lake Conjola,CON1,CON1-Surface,0.5,34020.1,27.21,7.68
30/01/2020 3:45,Lake Conjola,CON1,CON1-Surface,0.5,34108.8,27.18,7.62
30/01/2020 4:00,Lake Conjola,CON1,CON1-Surface,0.5,34068.9,27.18,7.6
30/01/2020 4:15,Lake Conjola,CON1,CON1-Surface,0.5,34090.4,27.15,7.65
30/01/2020 4:30,Lake Conjola,CON1,CON1-Surface,0.5,34038.4,27.13,7.61
30/01/2020 4:45,Lake Conjola,CON1,CON1-Surface,0.5,33992.6,27.13,7.62
30/01/2020 5:00,Lake Conjola,CON1,CON1-Surface,0.5,34044.5,27.12,7.74
30/01/2020 5:15,Lake Conjola,CON1,CON1-Surface,0.5,34035.3,27.1,7.76
30/01/2020 5:30,Lake Conjola,CON1,CON1-Surface,0.5,34014,27.11,7.82
30/01/2020 5:45,Lake Conjola,CON1,CON1-Surface,0.5,34014,27.09,7.75
30/01/2020 6:00,Lake Conjola,CON1,CON1-Surface,0.5,34026.2,27.07,7.82
30/01/2020 6:15,Lake Conjola,CON1,CON1-Surface,0.5,34068.9,27.07,7.74
30/01/2020 6:30,Lake Conjola,CON1,CON1-Surface,0.5,33983.5,27.06,7.74
30/01/2020 6:45,Lake Conjola,CON1,CON1-Surface,0.5,34056.7,27.05,7.82
30/01/2020 7:00,Lake Conjola,CON1,CON1-Surface,0.5,34075.1,27.06,7.88
30/01/2020 7:15,Lake Conjola,CON1,CON1-Surface,0.5,34118,27.05,7.82
30/01/2020 7:30,Lake Conjola,CON1,CON1-Surface,0.5,34164.1,27.05,7.83
30/01/2020 7:45,Lake Conjola,CON1,CON1-Surface,0.5,34145.6,27.05,7.84
30/01/2020 8:00,Lake Conjola,CON1,CON1-Surface,0.5,34139.5,27.06,7.91
30/01/2020 8:15,Lake Conjola,CON1,CON1-Surface,0.5,34133.3,27.07,7.91
30/01/2020 8:30,Lake Conjola,CON1,CON1-Surface,0.5,34213.4,27.1,7.92
30/01/2020 8:45,Lake Conjola,CON1,CON1-Surface,0.5,34219.6,27.11,8.01
30/01/2020 9:00,Lake Conjola,CON1,CON1-Surface,0.5,34219.6,27.13,8.01
30/01/2020 9:15,Lake Conjola,CON1,CON1-Surface,0.5,34281.5,27.15,8.02
30/01/2020 9:30,Lake Conjola,CON1,CON1-Surface,0.5,34266,27.17,8.02
30/01/2020 9:45,Lake Conjola,CON1,CON1-Surface,0.5,34297,27.18,7.99
30/01/2020 10:00,Lake Conjola,CON1,CON1-Surface,0.5,34349.9,27.23,7.99
30/01/2020 10:15,Lake Conjola,CON1,CON1-Surface,0.5,34275.3,27.26,7.99
30/01/2020 10:30,Lake Conjola,CON1,CON1-Surface,0.5,34284.6,27.29,8.02
30/01/2020 10:45,Lake Conjola,CON1,CON1-Surface,0.5,34421.6,27.31,8.07
30/01/2020 11:00,Lake Conjola,CON1,CON1-Surface,0.5,34418.5,27.34,8.14
30/01/2020 11:15,Lake Conjola,CON1,CON1-Surface,0.5,34453,27.42,8.14
30/01/2020 11:30,Lake Conjola,CON1,CON1-Surface,0.5,34424.8,27.45,8.15
30/01/2020 11:45,Lake Conjola,CON1,CON1-Surface,0.5,34409.1,27.55,8.15
30/01/2020 12:00,Lake Conjola,CON1,CON1-Surface,0.5,34528.3,27.65,8.15
30/01/2020 12:15,Lake Conjola,CON1,CON1-Surface,0.5,34575.6,27.67,8.18
30/01/2020 12:30,Lake Conjola,CON1,CON1-Surface,0.5,34578.8,27.79,8.16
30/01/2020 12:45,Lake Conjola,CON1,CON1-Surface,0.5,34638.9,27.83,8.17
30/01/2020 13:00,Lake Conjola,CON1,CON1-Surface,0.5,34705.6,27.93,8.16
30/01/2020 13:15,Lake Conjola,CON1,CON1-Surface,0.5,34766.2,27.98,8.16
30/01/2020 13:30,Lake Conjola,CON1,CON1-Surface,0.5,34756.6,28.03,8.18
30/01/2020 13:45,Lake Conjola,CON1,CON1-Surface,0.5,34804.6,28.06,8.2
30/01/2020 14:00,Lake Conjola,CON1,CON1-Surface,0.5,34801.4,28.06,8.23
30/01/2020 14:15,Lake Conjola,CON1,CON1-Surface,0.5,34692.9,28.06,8.27
30/01/2020 14:30,Lake Conjola,CON1,CON1-Surface,0.5,34820.6,28.08,8.32
30/01/2020 14:45,Lake Conjola,CON1,CON1-Surface,0.5,34862.3,28.09,8.32
30/01/2020 15:00,Lake Conjola,CON1,CON1-Surface,0.5,34891.2,28.1,8.37
30/01/2020 15:15,Lake Conjola,CON1,CON1-Surface,0.5,34868.7,28.1,8.39
30/01/2020 15:30,Lake Conjola,CON1,CON1-Surface,0.5,34923.5,28.08,8.22
30/01/2020 15:45,Lake Conjola,CON1,CON1-Surface,0.5,35027,28.05,8.45
30/01/2020 16:00,Lake Conjola,CON1,CON1-Surface,0.5,35027,28.09,8.48
30/01/2020 16:15,Lake Conjola,CON1,CON1-Surface,0.5,35020.5,28.41,8.5
30/01/2020 16:30,Lake Conjola,CON1,CON1-Surface,0.5,34952.5,28.04,8.51
30/01/2020 16:45,Lake Conjola,CON1,CON1-Surface,0.5,35027,28.21,8.58
30/01/2020 17:00,Lake Conjola,CON1,CON1-Surface,0.5,35108.3,28.38,8.53
30/01/2020 17:15,Lake Conjola,CON1,CON1-Surface,0.5,34991.3,28.42,8.61
30/01/2020 17:30,Lake Conjola,CON1,CON1-Surface,0.5,34988.1,28.55,8.62
30/01/2020 17:45,Lake Conjola,CON1,CON1-Surface,0.5,34968.7,28.59,8.63
30/01/2020 18:00,Lake Conjola,CON1,CON1-Surface,0.5,35066,28.59,8.59
30/01/2020 18:15,Lake Conjola,CON1,CON1-Surface,0.5,35160.6,28.57,8.58
30/01/2020 18:30,Lake Conjola,CON1,CON1-Surface,0.5,35059.5,28.52,8.6
30/01/2020 18:45,Lake Conjola,CON1,CON1-Surface,0.5,35010.8,28.49,8.4
30/01/2020 19:00,Lake Conjola,CON1,CON1-Surface,0.5,35114.8,28.47,8.37
30/01/2020 19:15,Lake Conjola,CON1,CON1-Surface,0.5,35111.6,28.44,8.22
30/01/2020 19:30,Lake Conjola,CON1,CON1-Surface,0.5,35095.3,28.44,8.45
30/01/2020 19:45,Lake Conjola,CON1,CON1-Surface,0.5,35311.7,28.41,8.55
30/01/2020 20:00,Lake Conjola,CON1,CON1-Surface,0.5,35010.8,28.37,8.48
30/01/2020 20:15,Lake Conjola,CON1,CON1-Surface,0.5,35259,28.35,8.56
30/01/2020 20:30,Lake Conjola,CON1,CON1-Surface,0.5,35098.5,28.25,8.44
30/01/2020 20:45,Lake Conjola,CON1,CON1-Surface,0.5,35487.5,28.3,8.53
30/01/2020 21:00,Lake Conjola,CON1,CON1-Surface,0.5,35229.4,28.21,8.47
30/01/2020 21:15,Lake Conjola,CON1,CON1-Surface,0.5,35387.8,28.19,8.46
30/01/2020 21:30,Lake Conjola,CON1,CON1-Surface,0.5,35295.2,28.16,8.45
30/01/2020 21:45,Lake Conjola,CON1,CON1-Surface,0.5,35480.8,28.14,8.46
30/01/2020 22:00,Lake Conjola,CON1,CON1-Surface,0.5,35331.5,28.05,8.43
30/01/2020 22:15,Lake Conjola,CON1,CON1-Surface,0.5,35487.5,27.99,8.42
30/01/2020 22:30,Lake Conjola,CON1,CON1-Surface,0.5,35510.9,27.98,8.43
30/01/2020 22:45,Lake Conjola,CON1,CON1-Surface,0.5,35564.4,27.98,8.28
30/01/2020 23:00,Lake Conjola,CON1,CON1-Surface,0.5,35354.6,27.93,7.96
30/01/2020 23:15,Lake Conjola,CON1,CON1-Surface,0.5,35527.6,27.99,7.75
30/01/2020 23:30,Lake Conjola,CON1,CON1-Surface,0.5,35544.3,28.01,7.89
30/01/2020 23:45,Lake Conjola,CON1,CON1-Surface,0.5,35517.5,27.98,7.9
31/01/2020 0:00,Lake Conjola,CON1,CON1-Surface,0.5,35470.8,27.84,7.9
31/01/2020 0:15,Lake Conjola,CON1,CON1-Surface,0.5,35497.5,27.9,8
31/01/2020 0:30,Lake Conjola,CON1,CON1-Surface,0.5,35507.5,27.82,8.3
31/01/2020 0:45,Lake Conjola,CON1,CON1-Surface,0.5,35338.1,27.82,8.25
31/01/2020 1:00,Lake Conjola,CON1,CON1-Surface,0.5,35534.3,27.81,8.21
31/01/2020 1:15,Lake Conjola,CON1,CON1-Surface,0.5,35444.2,27.83,8.19
31/01/2020 1:30,Lake Conjola,CON1,CON1-Surface,0.5,35351.3,27.82,8.03
31/01/2020 1:45,Lake Conjola,CON1,CON1-Surface,0.5,35341.4,27.82,7.83
31/01/2020 2:00,Lake Conjola,CON1,CON1-Surface,0.5,35440.9,27.77,7.89
31/01/2020 2:15,Lake Conjola,CON1,CON1-Surface,0.5,35387.8,27.76,7.77
31/01/2020 2:30,Lake Conjola,CON1,CON1-Surface,0.5,35328.2,27.75,7.82
31/01/2020 2:45,Lake Conjola,CON1,CON1-Surface,0.5,35318.3,27.72,7.93
31/01/2020 3:00,Lake Conjola,CON1,CON1-Surface,0.5,35249.1,27.7,7.97
31/01/2020 3:15,Lake Conjola,CON1,CON1-Surface,0.5,35085.5,27.68,8.04
31/01/2020 3:30,Lake Conjola,CON1,CON1-Surface,0.5,35040,27.67,7.94
31/01/2020 3:45,Lake Conjola,CON1,CON1-Surface,0.5,35245.8,27.66,8.01
31/01/2020 4:00,Lake Conjola,CON1,CON1-Surface,0.5,35140.9,27.65,7.94
31/01/2020 4:15,Lake Conjola,CON1,CON1-Surface,0.5,35157.3,27.65,7.83
31/01/2020 4:30,Lake Conjola,CON1,CON1-Surface,0.5,35150.7,27.61,7.76
31/01/2020 4:45,Lake Conjola,CON1,CON1-Surface,0.5,35092,27.6,7.62
31/01/2020 5:00,Lake Conjola,CON1,CON1-Surface,0.5,35308.4,27.57,7.79
31/01/2020 5:15,Lake Conjola,CON1,CON1-Surface,0.5,35249.1,27.56,7.71
31/01/2020 5:30,Lake Conjola,CON1,CON1-Surface,0.5,35072.5,27.55,7.72
31/01/2020 5:45,Lake Conjola,CON1,CON1-Surface,0.5,35036.7,27.53,7.75
31/01/2020 6:00,Lake Conjola,CON1,CON1-Surface,0.5,35108.3,27.51,7.87
31/01/2020 6:15,Lake Conjola,CON1,CON1-Surface,0.5,35255.7,27.5,7.66
31/01/2020 6:30,Lake Conjola,CON1,CON1-Surface,0.5,35144.2,27.48,7.64
31/01/2020 6:45,Lake Conjola,CON1,CON1-Surface,0.5,35361.3,27.46,7.66
31/01/2020 7:00,Lake Conjola,CON1,CON1-Surface,0.5,35321.6,27.46,7.64
31/01/2020 7:15,Lake Conjola,CON1,CON1-Surface,0.5,35082.2,27.45,7.7
31/01/2020 7:30,Lake Conjola,CON1,CON1-Surface,0.5,35111.6,27.44,7.75
31/01/2020 7:45,Lake Conjola,CON1,CON1-Surface,0.5,35222.8,27.45,7.71
31/01/2020 8:00,Lake Conjola,CON1,CON1-Surface,0.5,35154,27.45,7.75
31/01/2020 8:15,Lake Conjola,CON1,CON1-Surface,0.5,35023.7,27.48,7.78
31/01/2020 8:30,Lake Conjola,CON1,CON1-Surface,0.5,35219.5,27.48,7.79
31/01/2020 8:45,Lake Conjola,CON1,CON1-Surface,0.5,35384.4,27.49,7.87
31/01/2020 9:00,Lake Conjola,CON1,CON1-Surface,0.5,35088.7,27.48,7.82
31/01/2020 9:15,Lake Conjola,CON1,CON1-Surface,0.5,35150.7,27.48,7.85
31/01/2020 9:30,Lake Conjola,CON1,CON1-Surface,0.5,35236,27.53,7.91
31/01/2020 9:45,Lake Conjola,CON1,CON1-Surface,0.5,35183.5,27.56,7.95
31/01/2020 10:00,Lake Conjola,CON1,CON1-Surface,0.5,35315,27.53,8
31/01/2020 10:15,Lake Conjola,CON1,CON1-Surface,0.5,35315,27.61,8.06
31/01/2020 10:30,Lake Conjola,CON1,CON1-Surface,0.5,35291.9,27.65,8
31/01/2020 10:45,Lake Conjola,CON1,CON1-Surface,0.5,35004.3,27.65,8.01
31/01/2020 11:00,Lake Conjola,CON1,CON1-Surface,0.5,35216.2,27.64,8.07
31/01/2020 11:15,Lake Conjola,CON1,CON1-Surface,0.5,35092,27.61,8.1
31/01/2020 11:30,Lake Conjola,CON1,CON1-Surface,0.5,35095.3,27.61,8.14
31/01/2020 11:45,Lake Conjola,CON1,CON1-Surface,0.5,35033.5,27.66,8.2
31/01/2020 12:00,Lake Conjola,CON1,CON1-Surface,0.5,34936.4,27.84,8.18
31/01/2020 12:15,Lake Conjola,CON1,CON1-Surface,0.5,35318.3,28.01,8.06
31/01/2020 12:30,Lake Conjola,CON1,CON1-Surface,0.5,35424.3,28.1,8.16
31/01/2020 12:45,Lake Conjola,CON1,CON1-Surface,0.5,35334.8,28.3,8.33
31/01/2020 13:00,Lake Conjola,CON1,CON1-Surface,0.5,35427.6,28.44,8.36
31/01/2020 13:15,Lake Conjola,CON1,CON1-Surface,0.5,35427.6,28.53,8.38
31/01/2020 13:30,Lake Conjola,CON1,CON1-Surface,0.5,35341.4,28.52,8.39
31/01/2020 13:45,Lake Conjola,CON1,CON1-Surface,0.5,35134.4,28.55,8.43
31/01/2020 14:00,Lake Conjola,CON1,CON1-Surface,0.5,35043.2,28.8,8.47
31/01/2020 14:15,Lake Conjola,CON1,CON1-Surface,0.5,35564.4,28.9,8.41
31/01/2020 14:30,Lake Conjola,CON1,CON1-Surface,0.5,35675.3,28.81,8.45
31/01/2020 14:45,Lake Conjola,CON1,CON1-Surface,0.5,35470.8,28.72,8.48
31/01/2020 15:00,Lake Conjola,CON1,CON1-Surface,0.5,35301.8,28.83,8.48
31/01/2020 15:15,Lake Conjola,CON1,CON1-Surface,0.5,35490.8,28.85,8.47
31/01/2020 15:30,Lake Conjola,CON1,CON1-Surface,0.5,35190,28.83,8.42
31/01/2020 15:45,Lake Conjola,CON1,CON1-Surface,0.5,35186.7,28.85,8.44
31/01/2020 16:00,Lake Conjola,CON1,CON1-Surface,0.5,35154,28.9,8.46
31/01/2020 16:15,Lake Conjola,CON1,CON1-Surface,0.5,35407.7,29.12,8.49
31/01/2020 16:30,Lake Conjola,CON1,CON1-Surface,0.5,35101.8,29.07,8.46
31/01/2020 16:45,Lake Conjola,CON1,CON1-Surface,0.5,35437.6,29.19,8.51
31/01/2020 17:00,Lake Conjola,CON1,CON1-Surface,0.5,35530.9,29.3,8.5
31/01/2020 17:15,Lake Conjola,CON1,CON1-Surface,0.5,35467.5,29.38,8.59
31/01/2020 17:30,Lake Conjola,CON1,CON1-Surface,0.5,35285.3,28.86,8.54
31/01/2020 17:45,Lake Conjola,CON1,CON1-Surface,0.5,35411,29.18,8.61
31/01/2020 18:00,Lake Conjola,CON1,CON1-Surface,0.5,35540.9,29.15,8.57
31/01/2020 18:15,Lake Conjola,CON1,CON1-Surface,0.5,35338.1,29.24,8.53
31/01/2020 18:30,Lake Conjola,CON1,CON1-Surface,0.5,35338.1,29.14,8.59
31/01/2020 18:45,Lake Conjola,CON1,CON1-Surface,0.5,34952.5,29.08,8.64
31/01/2020 19:00,Lake Conjola,CON1,CON1-Surface,0.5,35226.1,28.86,8.57
31/01/2020 19:15,Lake Conjola,CON1,CON1-Surface,0.5,35053,28.57,8.7
31/01/2020 19:30,Lake Conjola,CON1,CON1-Surface,0.5,35437.6,29.41,8.64
31/01/2020 19:45,Lake Conjola,CON1,CON1-Surface,0.5,35046.5,29.25,8.6
31/01/2020 20:00,Lake Conjola,CON1,CON1-Surface,0.5,35059.5,28.85,8.59
31/01/2020 20:15,Lake Conjola,CON1,CON1-Surface,0.5,35315,29.02,8.69
31/01/2020 20:30,Lake Conjola,CON1,CON1-Surface,0.5,35027,28.6,8.67
31/01/2020 20:45,Lake Conjola,CON1,CON1-Surface,0.5,34910.6,28.92,8.65
31/01/2020 21:00,Lake Conjola,CON1,CON1-Surface,0.5,35085.5,28.69,8.67
31/01/2020 21:15,Lake Conjola,CON1,CON1-Surface,0.5,34556.7,28.44,8.68
31/01/2020 21:30,Lake Conjola,CON1,CON1-Surface,0.5,34839.8,28.52,8.66
31/01/2020 21:45,Lake Conjola,CON1,CON1-Surface,0.5,34933.1,28.55,8.67
31/01/2020 22:00,Lake Conjola,CON1,CON1-Surface,0.5,34721.5,28.64,8.62
31/01/2020 22:15,Lake Conjola,CON1,CON1-Surface,0.5,34939.6,28.63,8.61
31/01/2020 22:30,Lake Conjola,CON1,CON1-Surface,0.5,34997.8,28.55,8.54
31/01/2020 22:45,Lake Conjola,CON1,CON1-Surface,0.5,35085.5,28.58,8.49
31/01/2020 23:00,Lake Conjola,CON1,CON1-Surface,0.5,34839.8,28.53,8.46
31/01/2020 23:15,Lake Conjola,CON1,CON1-Surface,0.5,34839.8,28.54,8.43
31/01/2020 23:30,Lake Conjola,CON1,CON1-Surface,0.5,34897.7,28.55,8.45
31/01/2020 23:45,Lake Conjola,CON1,CON1-Surface,0.5,34855.9,28.59,8.44